PGSUS,2021-04-21,12.78,13.22,12.06,12.44,3744160
PGSUS,2021-04-22,12.48,12.95,12.01,12.91,3064601
PGSUS,2021-04-26,12.93,14.2,12.91,13.93,5939263
PGSUS,2021-04-27,13.89,14.65,13.67,14.04,5026229
PGSUS,2021-04-28,14.06,14.49,14.05,14.4,3366302
PGSUS,2021-04-29,14.55,14.69,14.3,14.3,1780574
PGSUS,2021-04-30,14.33,15.12,14.32,15.05,4737390
PGSUS,2021-05-03,15.1,16.33,15.1,16.33,5546114
PGSUS,2021-05-04,16.47,16.63,15.85,16.52,6535977
PGSUS,2021-05-05,16.57,16.75,16.15,16.25,4899687
PGSUS,2021-05-06,16.26,16.71,16.22,16.65,4839480
PGSUS,2021-05-07,16.88,16.91,16.46,16.64,2540515
PGSUS,2021-05-10,16.82,17.37,16.79,17.18,4233432
PGSUS,2021-05-11,16.58,17.0,16.52,16.75,3779811
PGSUS,2021-05-12,16.67,17.47,16.58,17.47,1974095
PGSUS,2021-05-17,17.6,17.75,17.24,17.25,3025414
PGSUS,2021-05-18,17.33,17.33,16.79,16.79,3778353
PGSUS,2021-05-20,16.59,17.08,16.46,16.75,5326060
PGSUS,2021-05-21,17.03,17.04,16.69,16.71,2143659
PGSUS,2021-05-24,16.77,16.98,16.59,16.65,1670654
PGSUS,2021-05-25,16.78,16.78,15.94,15.94,2242832
PGSUS,2021-05-26,16.1,16.31,15.69,16.21,2616262
PGSUS,2021-05-27,16.25,17.08,16.11,16.78,5339060
PGSUS,2021-05-28,16.85,16.88,16.31,16.64,2956907
PGSUS,2021-05-31,16.78,17.05,16.73,17.01,4085007
PGSUS,2021-06-01,16.87,17.03,16.67,16.97,3174673
PGSUS,2021-06-02,16.74,17.09,16.73,16.86,3059481
PGSUS,2021-06-03,16.89,17.24,16.67,16.7,5763146
PGSUS,2021-06-04,16.76,16.85,16.55,16.72,2427610
PGSUS,2021-06-07,16.85,17.12,16.84,16.88,2633231
PGSUS,2021-06-08,16.88,16.97,16.81,16.93,2186507
PGSUS,2021-06-09,17.01,17.3,16.95,17.02,4366324
PGSUS,2021-06-10,17.08,17.15,16.8,16.8,1728956
PGSUS,2021-06-11,16.86,16.94,16.58,16.58,3650596
PGSUS,2021-06-14,16.76,16.76,16.29,16.5,2193640
PGSUS,2021-06-15,16.57,16.6,16.09,16.12,1926841
PGSUS,2021-06-16,16.16,16.26,15.64,15.67,2101280
PGSUS,2021-06-17,15.55,16.03,15.53,15.78,3285311
PGSUS,2021-06-18,15.9,16.19,15.73,15.82,2847194
PGSUS,2021-06-21,16.02,16.28,15.82,16.21,2620735
PGSUS,2021-06-22,16.34,16.49,16.31,16.37,2151933
PGSUS,2021-06-23,16.42,16.48,16.02,16.09,1690799
PGSUS,2021-06-24,16.33,16.37,16.16,16.2,1393143
PGSUS,2021-06-25,16.23,16.25,15.74,15.81,1583191
PGSUS,2021-06-28,15.8,15.84,15.01,15.05,2353582
PGSUS,2021-06-29,14.91,14.91,14.29,14.53,2697020
PGSUS,2021-06-30,14.66,14.91,14.5,14.74,2474252
PGSUS,2021-07-01,14.74,15.56,14.58,15.56,3459884
PGSUS,2021-07-02,15.59,16.21,15.32,15.95,5108212
PGSUS,2021-07-05,15.92,16.09,15.75,15.96,2285267
PGSUS,2021-07-06,16.03,16.17,15.57,15.69,2227226
PGSUS,2021-07-07,15.73,15.77,15.43,15.48,1956435
PGSUS,2021-07-08,15.45,15.47,14.99,15.01,1683915
PGSUS,2021-07-09,15.07,15.22,14.84,15.01,1643584
PGSUS,2021-07-12,15.01,15.06,14.65,14.66,1401441
PGSUS,2021-07-13,14.6,14.87,14.5,14.7,1572413
PGSUS,2021-07-14,14.71,14.95,14.71,14.81,1356884
PGSUS,2021-07-16,14.82,15.05,14.61,14.65,1386088
PGSUS,2021-07-19,14.59,14.59,14.39,14.43,461230
PGSUS,2021-07-26,14.42,14.43,13.85,13.91,1667312
PGSUS,2021-07-27,13.85,14.72,13.75,14.61,3505926
PGSUS,2021-07-28,14.68,14.81,14.38,14.52,2286505
PGSUS,2021-07-29,14.59,14.8,14.59,14.66,1338763
PGSUS,2021-07-30,14.55,14.76,14.39,14.45,1099727
PGSUS,2021-08-02,14.48,14.55,14.32,14.32,2021143
PGSUS,2021-08-03,14.35,14.39,13.93,14.04,1770855
PGSUS,2021-08-04,14.09,14.22,13.82,13.82,2121423
PGSUS,2021-08-05,13.82,14.26,13.79,14.09,2119527
PGSUS,2021-08-06,14.12,14.36,14.12,14.22,1997228
PGSUS,2021-08-09,14.29,14.75,14.19,14.67,3449552
PGSUS,2021-08-10,14.67,14.73,14.24,14.39,2379020
PGSUS,2021-08-11,14.32,14.45,14.05,14.15,1481001
PGSUS,2021-08-12,14.21,14.68,14.21,14.39,2576428
PGSUS,2021-08-13,14.41,14.63,14.18,14.49,1488141
PGSUS,2021-08-16,14.59,15.03,14.59,14.67,2747199
PGSUS,2021-08-17,14.61,14.65,14.42,14.45,1286124
PGSUS,2021-08-18,14.49,14.7,14.09,14.12,2321124
PGSUS,2021-08-19,14.03,14.28,13.93,14.18,1733161
PGSUS,2021-08-20,14.12,14.28,14.05,14.2,1381210
PGSUS,2021-08-23,14.41,14.57,14.32,14.45,2444501
PGSUS,2021-08-24,14.53,14.92,14.52,14.83,2410012
PGSUS,2021-08-25,14.79,15.05,14.57,14.69,3317300
PGSUS,2021-08-26,14.94,14.94,14.65,14.74,2228479
PGSUS,2021-08-27,14.63,14.68,14.36,14.45,2009544
PGSUS,2021-08-31,14.54,14.61,14.39,14.44,1191875
PGSUS,2021-09-01,14.52,14.83,14.51,14.63,2138986
PGSUS,2021-09-02,14.64,14.75,14.49,14.59,1039556
PGSUS,2021-09-03,14.6,14.84,14.5,14.51,1932468
PGSUS,2021-09-06,14.59,14.73,14.51,14.71,1092664
PGSUS,2021-09-07,14.72,14.81,14.32,14.35,1509360
PGSUS,2021-09-08,14.37,14.37,14.1,14.33,1169472
PGSUS,2021-09-09,14.23,14.37,14.16,14.3,1622229
PGSUS,2021-09-10,14.34,14.49,13.94,13.94,2068389
PGSUS,2021-09-13,13.99,14.13,13.87,13.9,2410114
PGSUS,2021-09-14,13.95,14.08,13.9,13.91,1661821
PGSUS,2021-09-15,13.91,13.92,13.64,13.64,1775277
PGSUS,2021-09-16,13.71,13.91,13.63,13.91,1911745
PGSUS,2021-09-17,13.94,14.62,13.94,14.42,4811037
PGSUS,2021-09-20,14.42,14.55,14.02,14.14,4361767
PGSUS,2021-09-21,14.28,14.47,14.24,14.24,3114265
PGSUS,2021-09-22,14.32,14.71,14.17,14.7,3823386
PGSUS,2021-09-23,14.7,14.88,14.47,14.59,3412762
PGSUS,2021-09-24,14.49,14.98,14.47,14.68,3852895
PGSUS,2021-09-27,14.89,15.43,14.76,15.37,5510544
PGSUS,2021-09-28,15.34,15.78,15.2,15.71,4144305
PGSUS,2021-09-29,15.78,15.88,15.58,15.65,1996633
PGSUS,2021-09-30,15.63,16.03,15.63,15.93,2516191
PGSUS,2021-10-01,15.81,16.06,15.69,15.96,1729090
PGSUS,2021-10-04,16.14,16.23,15.5,15.51,2395918
PGSUS,2021-10-05,15.47,15.9,15.45,15.78,1567139
PGSUS,2021-10-06,15.78,15.78,15.17,15.29,1851816
PGSUS,2021-10-07,15.45,15.51,15.3,15.38,1648383
PGSUS,2021-10-08,15.48,15.66,15.36,15.44,1762460
PGSUS,2021-10-11,15.5,15.96,15.41,15.85,1640028
PGSUS,2021-10-12,15.82,16.06,15.66,15.78,1704913
PGSUS,2021-10-13,15.89,16.12,15.81,15.94,1852349
PGSUS,2021-10-14,15.88,16.22,15.78,16.16,1937739
PGSUS,2021-10-15,16.2,16.75,16.2,16.61,3171659
PGSUS,2021-10-18,16.64,16.71,16.2,16.4,2395745
PGSUS,2021-10-19,16.45,16.86,16.35,16.72,3015308
PGSUS,2021-10-20,16.79,16.9,16.01,16.02,3226364
PGSUS,2021-10-21,16.1,16.2,15.67,16.08,1914840
PGSUS,2021-10-22,16.19,16.25,15.94,16.09,1506709
PGSUS,2021-10-25,16.01,16.15,15.92,16.04,1280038
PGSUS,2021-10-26,16.12,16.32,16.1,16.2,1793696
PGSUS,2021-10-27,16.27,16.51,16.06,16.27,2072505
PGSUS,2021-10-28,16.31,16.43,16.25,16.3,770498
PGSUS,2021-11-01,16.38,16.78,16.38,16.47,1613883
PGSUS,2021-11-02,16.5,16.79,16.47,16.7,1726944
PGSUS,2021-11-03,16.74,17.16,15.91,17.16,3354474
PGSUS,2021-11-04,17.53,18.28,17.51,18.19,6402390
PGSUS,2021-11-05,18.24,19.11,18.09,18.92,5733880
PGSUS,2021-11-08,18.95,19.36,18.53,19.06,6873428
PGSUS,2021-11-09,19.11,19.88,18.99,19.66,4745100
PGSUS,2021-11-10,19.51,20.07,19.21,19.7,5661752
PGSUS,2021-11-11,19.68,20.14,19.64,19.78,3711293
PGSUS,2021-11-12,19.84,20.45,19.83,20.27,3155155
PGSUS,2021-11-15,20.33,20.91,20.12,20.75,3618970
PGSUS,2021-11-16,20.79,21.48,20.22,20.35,2828756
PGSUS,2021-11-17,20.35,20.81,20.34,20.73,1324311
PGSUS,2021-11-18,20.77,20.93,20.03,20.66,2436871
PGSUS,2021-11-19,20.85,20.89,18.9,18.97,5260825
PGSUS,2021-11-22,19.03,19.41,18.92,19.23,3133372
PGSUS,2021-11-23,19.22,19.97,18.7,19.52,6193401
PGSUS,2021-11-24,19.74,21.46,19.64,21.46,9958704
PGSUS,2021-11-25,21.63,21.75,19.99,20.03,5125329
PGSUS,2021-11-26,19.19,19.23,18.04,18.07,7449711
PGSUS,2021-11-29,18.06,18.52,17.44,18.38,5037207
PGSUS,2021-11-30,18.0,18.32,17.75,18.0,4688404
PGSUS,2021-12-01,18.23,19.48,18.16,18.94,8922416
PGSUS,2021-12-02,19.03,19.25,18.52,18.63,3494836
PGSUS,2021-12-03,19.08,19.9,18.95,19.02,5802851
PGSUS,2021-12-06,19.15,19.38,18.93,19.32,2894672
PGSUS,2021-12-07,19.9,20.18,19.7,19.75,3766836
PGSUS,2021-12-08,19.96,20.81,19.86,20.5,9099348
PGSUS,2021-12-09,20.77,22.3,20.58,21.46,9215813
PGSUS,2021-12-10,21.61,22.16,20.95,21.42,5682263
PGSUS,2021-12-13,21.44,21.93,21.11,21.26,4348838
PGSUS,2021-12-14,21.28,21.46,20.75,20.97,4682047
PGSUS,2021-12-15,21.18,22.12,21.11,21.36,6106982
PGSUS,2021-12-16,21.69,22.18,21.22,22.1,4471491
PGSUS,2021-12-17,22.61,23.22,19.9,19.9,4654556
PGSUS,2021-12-20,19.44,20.71,17.94,19.23,2387831
PGSUS,2021-12-21,20.05,20.29,17.44,17.9,1710818
PGSUS,2021-12-22,17.9,18.28,17.01,17.02,2598748
PGSUS,2021-12-23,17.6,17.89,16.41,16.9,1997035
PGSUS,2021-12-24,17.28,18.39,16.98,18.39,2452946
PGSUS,2021-12-27,18.39,18.82,17.94,17.98,2318890
PGSUS,2021-12-28,18.21,18.28,17.3,17.66,1339513
PGSUS,2021-12-29,17.54,18.27,17.18,18.05,2011921
PGSUS,2021-12-30,18.18,18.35,17.24,17.42,1577922
PGSUS,2021-12-31,17.6,17.96,17.23,17.38,1356913
PGSUS,2022-01-03,17.56,18.48,17.33,18.37,1960253
PGSUS,2022-01-04,18.78,19.92,18.76,19.5,3661593
PGSUS,2022-01-05,19.48,20.54,19.28,20.3,2622832
PGSUS,2022-01-06,20.18,21.11,20.06,20.87,1992865
PGSUS,2022-01-07,21.26,21.36,20.21,20.66,1907592
PGSUS,2022-01-10,20.83,22.36,20.83,21.65,2855734
PGSUS,2022-01-11,22.06,22.26,21.16,21.61,2410155
PGSUS,2022-01-12,21.91,21.99,21.32,21.34,1799636
PGSUS,2022-01-13,21.3,22.22,21.16,21.69,4159266
PGSUS,2022-01-14,21.71,22.1,21.28,21.56,2198648
PGSUS,2022-01-17,21.73,22.14,21.52,21.61,1633025
PGSUS,2022-01-18,21.56,21.59,19.64,20.03,1893602
PGSUS,2022-01-19,20.05,20.56,19.56,20.27,2971261
PGSUS,2022-01-20,20.64,20.85,19.62,20.23,2511857
PGSUS,2022-01-21,20.09,20.44,19.86,20.03,1456946
PGSUS,2022-01-24,20.09,20.32,18.45,18.49,2774380
PGSUS,2022-01-25,18.63,18.89,18.13,18.69,1551776
PGSUS,2022-01-26,18.7,20.2,18.7,19.91,2646852
PGSUS,2022-01-27,19.44,21.89,19.43,21.89,6479309
PGSUS,2022-01-28,22.01,23.14,21.65,21.87,6269660
PGSUS,2022-01-31,22.57,22.81,21.73,22.06,3682721
PGSUS,2022-02-01,22.34,22.4,21.38,21.65,1812896
PGSUS,2022-02-02,21.73,21.85,21.07,21.14,1397318
PGSUS,2022-02-03,21.07,21.46,20.48,20.69,1506281
PGSUS,2022-02-04,20.77,20.95,20.45,20.77,1494105
PGSUS,2022-02-07,20.75,21.48,20.25,21.42,2577411
PGSUS,2022-02-08,21.42,21.59,21.14,21.28,1816162
PGSUS,2022-02-09,21.5,22.4,21.44,22.08,2675910
PGSUS,2022-02-10,22.06,22.26,21.69,21.85,1416643
PGSUS,2022-02-11,21.75,22.18,21.18,22.01,1989507
PGSUS,2022-02-14,21.44,21.71,20.89,21.26,1993874
PGSUS,2022-02-15,21.36,22.1,21.2,22.1,2060523
PGSUS,2022-02-16,22.06,22.77,21.93,22.71,2269191
PGSUS,2022-02-17,22.75,23.1,22.08,22.1,3682984
PGSUS,2022-02-18,22.26,22.57,22.06,22.57,1861365
PGSUS,2022-02-21,22.73,23.32,22.26,22.51,2791412
PGSUS,2022-02-22,21.85,22.71,21.54,22.2,2054674
PGSUS,2022-02-23,22.42,22.79,21.89,21.89,2951450
PGSUS,2022-02-24,19.76,20.22,19.7,19.7,1575858
PGSUS,2022-02-25,19.85,21.09,18.88,20.56,4411451
PGSUS,2022-02-28,20.28,20.28,19.13,19.13,2560352
PGSUS,2022-03-01,19.44,19.92,18.08,18.43,5039914
PGSUS,2022-03-02,18.45,18.86,18.14,18.54,4662268
PGSUS,2022-03-03,18.8,18.86,18.37,18.59,2801269
PGSUS,2022-03-04,18.59,18.59,18.17,18.17,1414077
PGSUS,2022-03-07,17.88,17.88,17.04,17.45,4822041
PGSUS,2022-03-08,17.17,17.64,17.04,17.09,4294612
PGSUS,2022-03-09,17.39,18.07,17.39,17.68,4555307
PGSUS,2022-03-10,18.0,18.18,17.49,17.55,3518916
PGSUS,2022-03-11,17.6,18.41,17.5,18.27,3959243
PGSUS,2022-03-14,18.39,19.08,18.39,18.73,2584826
PGSUS,2022-03-15,18.73,19.18,18.43,19.02,3658103
PGSUS,2022-03-16,19.33,19.56,19.09,19.4,3634127
PGSUS,2022-03-17,19.64,19.77,19.43,19.52,1791645
PGSUS,2022-03-18,19.52,19.68,19.31,19.4,1891137
PGSUS,2022-03-21,19.55,19.63,19.33,19.44,1574438
PGSUS,2022-03-22,19.44,19.64,19.38,19.63,2198716
PGSUS,2022-03-23,19.74,20.05,19.48,19.74,3158913
PGSUS,2022-03-24,19.74,19.87,19.45,19.49,1695434
PGSUS,2022-03-25,19.5,19.65,19.47,19.53,1292742
PGSUS,2022-03-28,19.69,20.05,19.69,19.88,3294282
PGSUS,2022-03-29,20.0,21.63,20.0,21.14,7085466
PGSUS,2022-03-30,21.22,21.91,20.79,21.89,3431973
PGSUS,2022-03-31,21.79,22.47,21.56,22.04,3680919
PGSUS,2022-04-01,22.1,22.51,21.71,21.89,2018131
PGSUS,2022-04-04,21.93,22.16,21.69,22.04,2291200
PGSUS,2022-04-05,22.14,22.69,21.93,22.22,4112542
PGSUS,2022-04-06,22.28,22.42,21.89,22.01,1875652
PGSUS,2022-04-07,22.14,22.26,21.95,22.2,1579308
PGSUS,2022-04-08,22.34,22.73,22.26,22.38,2246845
PGSUS,2022-04-11,22.38,24.35,22.24,24.02,5911849
PGSUS,2022-04-12,24.02,25.29,23.88,25.12,6116110
PGSUS,2022-04-13,25.17,25.68,24.43,24.94,3990905
PGSUS,2022-04-14,25.43,25.57,24.86,24.94,2613696
PGSUS,2022-04-15,24.98,25.55,24.82,25.06,1800868
PGSUS,2022-04-18,25.33,25.55,24.94,25.17,2078613
PGSUS,2022-04-19,25.27,26.19,25.25,25.88,5484110
PGSUS,2022-04-20,25.9,26.05,25.17,25.57,2678723
PGSUS,2022-04-21,25.62,26.5,25.41,26.39,2830230
PGSUS,2022-04-22,26.29,28.38,26.03,27.66,5768008
PGSUS,2022-04-25,27.7,27.85,26.41,26.66,4121749
PGSUS,2022-04-26,27.01,28.11,25.76,26.15,4702319
PGSUS,2022-04-27,26.45,27.29,25.74,27.21,3567731
PGSUS,2022-04-28,27.46,28.3,27.21,27.62,2704226
PGSUS,2022-04-29,27.62,28.09,27.15,27.35,2728091
PGSUS,2022-05-05,27.7,28.07,27.46,27.58,2235151
PGSUS,2022-05-06,27.58,27.6,26.84,27.27,1936650
PGSUS,2022-05-09,27.27,27.81,27.01,27.35,2033600
PGSUS,2022-05-10,27.5,27.6,26.93,27.15,575236
PGSUS,2022-05-11,26.6,26.6,25.21,25.45,2807140
PGSUS,2022-05-12,25.45,25.49,24.37,25.45,2876919
PGSUS,2022-05-13,25.86,26.35,25.49,25.86,2316903
PGSUS,2022-05-16,25.86,26.37,25.68,25.92,1633980
PGSUS,2022-05-17,26.0,26.74,25.82,26.6,1926053
PGSUS,2022-05-18,26.6,27.42,26.13,27.17,2127432
PGSUS,2022-05-20,27.19,27.42,26.95,26.95,1141748
PGSUS,2022-05-23,27.19,27.38,26.54,26.99,1268657
PGSUS,2022-05-24,26.99,27.25,26.37,26.48,903370
PGSUS,2022-05-25,26.58,26.86,26.25,26.76,929391
PGSUS,2022-05-26,26.76,27.33,26.74,27.19,1654400
PGSUS,2022-05-27,27.27,27.83,27.19,27.42,1817731
PGSUS,2022-05-30,27.83,30.08,27.78,29.59,4711555
PGSUS,2022-05-31,29.77,29.93,28.66,29.2,2265112
PGSUS,2022-06-01,29.22,29.56,28.83,28.95,1353617
PGSUS,2022-06-02,29.03,29.61,28.81,29.28,1558590
PGSUS,2022-06-03,29.36,29.52,28.64,28.64,1052393
PGSUS,2022-06-06,28.95,29.97,28.95,29.79,2460823
PGSUS,2022-06-07,30.16,32.39,29.67,32.31,3537407
PGSUS,2022-06-08,32.96,34.48,31.71,31.88,4090591
PGSUS,2022-06-09,32.49,35.05,32.02,35.05,3874666
PGSUS,2022-06-10,35.05,36.44,34.25,34.25,7679034
PGSUS,2022-06-13,34.29,35.46,33.76,33.9,3572723
PGSUS,2022-06-14,34.37,34.72,33.45,34.13,2326017
PGSUS,2022-06-15,34.17,35.42,33.15,35.23,4220229
PGSUS,2022-06-16,35.29,36.09,34.84,35.42,3351365
PGSUS,2022-06-17,35.58,35.66,34.52,35.33,2907419
PGSUS,2022-06-20,36.01,38.4,35.46,38.18,4344193
PGSUS,2022-06-21,38.2,39.9,37.79,38.16,4097761
PGSUS,2022-06-22,38.26,39.2,38.06,38.36,2881306
PGSUS,2022-06-23,38.44,38.71,37.16,37.16,2030923
PGSUS,2022-06-24,37.44,37.93,35.64,37.56,3613392
PGSUS,2022-06-27,37.34,37.34,37.34,38.14,9720
PGSUS,2022-06-28,38.46,38.55,36.09,36.11,2018061
PGSUS,2022-06-29,36.21,36.3,34.39,34.39,2185191
PGSUS,2022-06-30,34.41,35.56,33.78,34.99,2374473
PGSUS,2022-07-01,35.38,37.71,35.15,37.65,2730739
PGSUS,2022-07-04,38.26,38.61,36.52,36.93,1892262
PGSUS,2022-07-05,37.01,37.24,35.6,36.32,2159932
PGSUS,2022-07-06,36.52,38.1,36.34,37.56,2295473
PGSUS,2022-07-07,37.63,37.99,36.89,37.01,1553371
PGSUS,2022-07-08,37.13,37.5,36.71,36.73,727529
PGSUS,2022-07-13,37.03,37.89,36.36,36.73,1935790
PGSUS,2022-07-14,36.75,37.11,35.83,36.13,1469048
PGSUS,2022-07-18,36.68,37.22,36.36,37.03,1592312
PGSUS,2022-07-19,37.03,38.01,36.87,37.91,2117250
PGSUS,2022-07-20,38.2,38.57,37.38,37.65,1629126
PGSUS,2022-07-21,37.65,37.67,36.05,36.36,3063129
PGSUS,2022-07-22,36.6,36.71,34.72,34.78,3083127
PGSUS,2022-07-25,34.82,35.4,33.47,34.52,3269066
PGSUS,2022-07-26,34.88,34.93,33.82,33.96,1686599
PGSUS,2022-07-27,34.05,34.5,33.88,34.07,1359335
PGSUS,2022-07-28,34.33,35.03,33.96,34.23,1505321
PGSUS,2022-07-29,34.39,34.41,34.0,34.35,1229537
PGSUS,2022-08-01,34.56,35.07,34.41,34.97,1483056
PGSUS,2022-08-02,35.23,35.72,34.68,35.07,2372781
PGSUS,2022-08-03,35.25,36.28,35.17,35.5,2453385
PGSUS,2022-08-04,35.8,35.99,35.46,35.56,1769942
PGSUS,2022-08-05,35.7,36.3,35.46,35.87,2172967
PGSUS,2022-08-08,36.07,36.28,35.48,36.01,1496498
PGSUS,2022-08-09,36.15,37.69,36.07,36.73,3723586
PGSUS,2022-08-10,36.79,37.01,35.95,36.52,1888581
PGSUS,2022-08-11,37.11,37.4,36.62,37.16,2276520
PGSUS,2022-08-12,37.24,37.48,36.5,36.6,1956316
PGSUS,2022-08-15,36.85,37.4,36.52,37.4,1994753
PGSUS,2022-08-16,38.46,40.72,38.26,40.51,8107608
PGSUS,2022-08-17,40.92,43.62,40.12,43.31,4355005
PGSUS,2022-08-18,43.31,44.48,42.37,44.48,3815470
PGSUS,2022-08-19,45.01,46.14,43.66,43.66,2818482
PGSUS,2022-08-22,43.44,44.34,42.84,43.15,1653208
PGSUS,2022-08-23,43.17,43.78,42.29,42.37,1888050
PGSUS,2022-08-24,42.39,43.85,41.49,41.49,4312474
PGSUS,2022-08-25,41.86,42.72,41.43,42.43,1813534
PGSUS,2022-08-26,42.66,42.76,40.94,41.7,2047097
PGSUS,2022-08-29,41.74,41.9,41.08,41.9,1316103
PGSUS,2022-08-31,42.66,43.6,42.25,42.7,3004080
PGSUS,2022-09-01,42.66,43.68,41.12,42.15,2449895
PGSUS,2022-09-02,42.35,43.07,42.05,42.43,1655199
PGSUS,2022-09-05,42.76,45.4,42.76,44.52,3395607
PGSUS,2022-09-06,44.7,45.93,43.17,44.89,3149733
PGSUS,2022-09-07,44.89,48.9,44.6,47.79,5010083
PGSUS,2022-09-08,48.37,51.85,48.08,49.76,4698194
PGSUS,2022-09-09,49.78,51.27,49.35,49.35,2830679
PGSUS,2022-09-12,49.82,53.67,49.82,51.66,3035885
PGSUS,2022-09-13,52.07,54.46,49.1,49.1,4149759
PGSUS,2022-09-14,49.17,51.62,46.71,51.5,2495851
PGSUS,2022-09-15,51.76,52.81,51.05,52.44,2526535
PGSUS,2022-09-16,52.44,54.32,52.13,52.58,2471136
PGSUS,2022-09-19,53.2,53.32,49.49,49.51,1208774
PGSUS,2022-09-20,49.62,52.54,49.62,50.37,2366243
PGSUS,2022-09-21,50.43,50.78,46.55,48.72,3516667
PGSUS,2022-09-22,48.72,50.43,47.77,49.64,2260794
PGSUS,2022-09-23,50.62,53.73,50.62,52.01,3263994
PGSUS,2022-09-26,52.01,52.07,49.94,50.54,1801397
PGSUS,2022-09-27,51.23,52.05,49.49,49.74,2292955
PGSUS,2022-09-28,49.41,50.21,48.12,49.21,1834195
PGSUS,2022-09-29,49.41,50.43,46.96,48.53,2236243
PGSUS,2022-09-30,48.94,49.17,47.24,48.74,1562924
PGSUS,2022-10-03,49.41,52.48,49.23,51.93,3436706
PGSUS,2022-10-04,52.48,56.29,52.03,55.96,4830697
PGSUS,2022-10-05,56.67,57.78,55.96,57.21,3050596
PGSUS,2022-10-06,57.62,57.64,55.63,56.08,2596012
PGSUS,2022-10-07,56.31,56.67,54.85,55.43,1890208
PGSUS,2022-10-10,55.86,56.16,54.38,55.16,2524558
PGSUS,2022-10-11,55.55,56.04,53.87,53.91,1963598
PGSUS,2022-10-12,53.93,55.49,53.48,54.34,3580208
PGSUS,2022-10-13,54.42,56.35,54.4,56.02,3886617
PGSUS,2022-10-14,57.88,59.85,57.1,59.09,4943148
PGSUS,2022-10-17,59.74,64.82,59.62,64.53,4559661
PGSUS,2022-10-18,66.19,66.39,62.89,63.43,3366083
PGSUS,2022-10-19,63.96,65.9,63.63,65.53,2628647
PGSUS,2022-10-20,65.64,68.7,65.1,67.58,3131520
PGSUS,2022-10-21,67.72,69.63,67.03,67.21,2489253
PGSUS,2022-10-24,68.09,68.54,65.92,66.56,2918301
PGSUS,2022-10-25,66.78,67.33,65.47,65.47,2925017
PGSUS,2022-10-26,65.88,67.93,65.76,66.41,2611521
PGSUS,2022-10-27,66.56,66.92,64.8,66.29,2224307
PGSUS,2022-10-28,66.27,66.33,63.67,64.82,1013709
PGSUS,2022-10-31,65.06,66.66,64.24,65.51,3003696
PGSUS,2022-11-01,66.29,67.44,66.09,67.19,2539228
PGSUS,2022-11-02,67.19,67.33,65.62,65.7,1900619
PGSUS,2022-11-03,66.29,72.26,66.15,71.71,4530862
PGSUS,2022-11-04,71.75,72.69,70.3,71.41,4249189
PGSUS,2022-11-07,72.63,73.82,71.79,73.51,3165753
PGSUS,2022-11-08,74.06,79.67,73.06,77.75,4950342
PGSUS,2022-11-09,77.75,81.66,77.4,80.0,4183589
PGSUS,2022-11-10,80.59,80.96,78.4,79.04,4657341
PGSUS,2022-11-11,80.0,80.96,77.52,77.83,4499724
PGSUS,2022-11-14,76.66,77.75,74.92,76.81,3870572
PGSUS,2022-11-15,77.79,80.02,77.44,77.75,3624690
PGSUS,2022-11-16,77.75,78.59,74.88,75.19,2899052
PGSUS,2022-11-17,75.19,78.28,71.45,76.23,2421621
PGSUS,2022-11-18,73.04,75.58,68.3,70.85,13369607
PGSUS,2022-11-21,70.85,72.63,68.85,69.6,6153567
PGSUS,2022-11-22,70.14,70.75,68.75,70.69,9323958
PGSUS,2022-11-23,72.63,75.46,72.53,74.99,9645659
PGSUS,2022-11-24,76.11,77.26,75.17,75.87,4514146
PGSUS,2022-11-25,75.97,78.16,74.37,77.91,4592796
PGSUS,2022-11-28,79.04,79.3,76.95,77.3,4830309
PGSUS,2022-11-29,78.16,79.32,77.03,79.08,4325604
PGSUS,2022-11-30,79.81,81.41,78.89,80.2,4344354
PGSUS,2022-12-01,81.25,84.25,80.94,83.48,6153823
PGSUS,2022-12-02,84.09,85.34,82.86,84.6,4807355
PGSUS,2022-12-05,85.46,91.46,82.47,88.37,7414394
PGSUS,2022-12-06,88.37,88.76,85.48,86.55,3403736
PGSUS,2022-12-07,86.71,89.27,83.27,85.69,4104502
PGSUS,2022-12-08,85.71,87.14,84.11,85.28,3276730
PGSUS,2022-12-09,85.54,90.02,84.93,90.02,3376644
PGSUS,2022-12-12,90.43,98.39,90.43,96.96,3781552
PGSUS,2022-12-13,98.21,100.83,96.45,96.57,4360321
PGSUS,2022-12-14,96.98,99.44,94.12,96.16,4122359
PGSUS,2022-12-15,98.21,99.35,93.4,95.2,4183600
PGSUS,2022-12-16,96.35,96.69,94.52,94.71,685706
PGSUS,2022-12-19,96.12,99.99,96.12,99.41,3897039
PGSUS,2022-12-20,99.62,105.33,99.62,104.18,5514622
PGSUS,2022-12-21,104.94,105.96,102.91,103.73,3300105
PGSUS,2022-12-22,104.59,105.57,100.5,101.69,3275435
PGSUS,2022-12-23,102.5,102.95,101.03,101.95,2136116
PGSUS,2022-12-26,103.02,104.08,102.42,103.02,1653248
PGSUS,2022-12-27,103.36,105.08,101.93,103.18,2738041
PGSUS,2022-12-28,103.36,103.38,97.8,99.44,3661882
PGSUS,2022-12-29,99.54,99.93,96.78,98.33,3528800
PGSUS,2022-12-30,99.21,100.79,97.9,98.21,3392201
PGSUS,2023-01-02,99.07,103.18,98.82,103.1,3238738
PGSUS,2023-01-03,103.65,104.06,100.77,100.81,3979465
PGSUS,2023-01-04,101.13,102.2,98.62,98.88,3323756
PGSUS,2023-01-05,99.44,100.97,96.02,97.7,3937310
PGSUS,2023-01-06,93.09,99.05,90.0,97.88,3998544
PGSUS,2023-01-09,98.94,100.25,94.44,95.9,3276104
PGSUS,2023-01-10,95.85,96.1,91.58,93.05,2862350
PGSUS,2023-01-11,93.62,95.88,87.57,87.57,3508132
PGSUS,2023-01-12,90.45,92.48,85.93,91.95,4254725
PGSUS,2023-01-13,91.95,97.59,91.09,95.59,3697352
PGSUS,2023-01-16,96.12,101.05,95.06,100.68,3223563
PGSUS,2023-01-17,100.74,103.24,99.54,103.0,3172023
PGSUS,2023-01-18,103.43,106.39,103.26,105.57,3811366
PGSUS,2023-01-19,105.37,108.93,104.65,107.82,4467415
PGSUS,2023-01-20,107.99,108.48,105.53,106.8,2117800
PGSUS,2023-01-23,108.03,110.26,105.45,106.94,2732095
PGSUS,2023-01-24,106.9,108.23,103.14,105.68,3027840
PGSUS,2023-01-25,106.8,109.46,102.81,109.36,5285560
PGSUS,2023-01-26,109.38,114.06,106.6,112.37,4974767
PGSUS,2023-01-27,111.51,112.26,108.03,111.22,4336867
PGSUS,2023-01-30,111.36,111.67,104.16,104.16,3156956
PGSUS,2023-01-31,103.73,105.02,99.64,101.09,3716226
PGSUS,2023-02-01,101.5,103.69,98.78,98.88,3565977
PGSUS,2023-02-02,98.9,102.59,90.74,99.62,5557276
PGSUS,2023-02-03,99.66,108.36,98.74,107.52,3674982
PGSUS,2023-02-06,102.3,106.29,100.77,104.26,808075
PGSUS,2023-02-07,103.92,103.92,93.85,93.85,2612951
PGSUS,2023-02-15,102.71,103.22,99.84,103.22,2683554
PGSUS,2023-02-16,108.58,109.81,95.77,98.33,6726418
PGSUS,2023-02-17,98.33,100.19,95.26,96.96,2723707
PGSUS,2023-02-20,96.98,100.4,95.34,99.46,2810723
PGSUS,2023-02-21,98.86,99.64,96.16,96.16,2132068
PGSUS,2023-02-22,96.22,98.11,95.85,96.37,1850686
PGSUS,2023-02-23,96.37,98.92,95.96,96.3,1626567
PGSUS,2023-02-24,96.51,98.08,96.14,97.43,1535991
PGSUS,2023-02-27,97.63,101.79,95.24,101.46,2889573
PGSUS,2023-02-28,101.95,104.37,101.89,103.92,6188090
PGSUS,2023-03-01,103.12,104.63,102.07,102.71,2293050
PGSUS,2023-03-02,102.65,103.06,100.7,100.99,1393822
PGSUS,2023-03-03,100.97,101.71,95.94,98.74,2247564
PGSUS,2023-03-06,99.54,102.57,98.82,101.81,1981628
PGSUS,2023-03-07,105.25,108.46,103.81,106.51,5250675
PGSUS,2023-03-08,106.29,108.34,104.47,104.96,2659435
PGSUS,2023-03-09,105.57,107.52,105.16,105.57,2077362
PGSUS,2023-03-10,105.55,106.51,103.53,103.53,1590920
PGSUS,2023-03-13,103.73,104.26,101.79,103.1,1419607
PGSUS,2023-03-14,103.24,103.59,98.94,98.94,1385522
PGSUS,2023-03-15,99.09,101.52,98.7,100.83,1675546
PGSUS,2023-03-16,100.89,101.79,99.31,101.56,1495367
PGSUS,2023-03-17,102.4,103.81,100.97,102.81,1977855
PGSUS,2023-03-20,102.3,103.53,98.39,98.49,1654147
PGSUS,2023-03-21,98.51,99.99,95.75,97.37,1650375
PGSUS,2023-03-22,97.63,98.9,97.0,98.45,1202582
PGSUS,2023-03-23,98.72,99.97,97.88,99.25,1091780
PGSUS,2023-03-24,99.44,100.54,97.57,99.05,1207272
PGSUS,2023-03-27,99.64,100.05,96.61,96.61,886761
PGSUS,2023-03-28,96.67,96.84,92.48,92.68,1480353
PGSUS,2023-03-29,92.68,95.28,90.45,95.0,1591996
PGSUS,2023-03-30,95.06,95.45,93.3,94.63,1294789
PGSUS,2023-03-31,94.12,94.12,92.11,92.68,930218
PGSUS,2023-04-03,92.7,94.65,89.27,93.42,1705101
PGSUS,2023-04-04,93.56,98.41,93.01,97.84,1745613
PGSUS,2023-04-05,99.23,101.56,98.58,99.17,2342303
PGSUS,2023-04-06,99.15,101.36,98.7,99.72,1409839
PGSUS,2023-04-07,99.72,100.52,99.27,99.86,690299
PGSUS,2023-04-10,100.56,103.32,100.34,102.97,1634937
PGSUS,2023-04-11,103.75,104.12,102.42,103.06,1315313
PGSUS,2023-04-12,103.32,104.59,102.69,103.24,1457434
PGSUS,2023-04-13,103.94,105.88,103.12,103.61,1952385
PGSUS,2023-04-14,103.92,103.92,101.34,101.67,1173494
PGSUS,2023-04-17,102.3,102.36,99.23,99.93,1157614
PGSUS,2023-04-18,99.93,101.03,98.9,99.64,873365
PGSUS,2023-04-19,99.64,100.05,97.88,98.6,971539
PGSUS,2023-04-20,98.56,99.17,97.63,98.62,327540
PGSUS,2023-04-24,98.82,99.74,98.43,98.68,834156
PGSUS,2023-04-25,98.8,98.88,95.67,96.37,907726
PGSUS,2023-04-26,96.37,97.18,93.09,94.18,1467083
PGSUS,2023-04-27,94.18,94.65,91.8,92.48,1572005
PGSUS,2023-04-28,92.34,93.15,89.41,90.78,1283959
PGSUS,2023-05-02,90.88,91.46,87.98,88.61,1215410
PGSUS,2023-05-03,89.0,89.59,85.05,86.48,1438074
PGSUS,2023-05-04,86.48,90.51,86.28,88.82,1250149
PGSUS,2023-05-05,88.84,90.43,87.61,89.59,886055
PGSUS,2023-05-08,90.84,92.32,86.34,91.64,1050846
PGSUS,2023-05-09,91.64,93.07,87.94,87.98,1534596
PGSUS,2023-05-10,88.8,89.0,86.71,86.81,935373
PGSUS,2023-05-11,86.18,94.2,85.83,92.7,3125511
PGSUS,2023-05-12,92.89,93.79,87.63,88.76,2190948
PGSUS,2023-05-15,83.89,89.33,82.45,82.99,1612830
PGSUS,2023-05-16,83.48,89.72,83.48,88.86,2708509
PGSUS,2023-05-17,89.08,91.46,88.82,90.31,1866402
PGSUS,2023-05-18,90.23,90.74,86.18,86.55,1385775
PGSUS,2023-05-22,87.34,88.35,84.5,85.3,1809108
PGSUS,2023-05-23,85.32,86.01,84.5,84.5,847198
PGSUS,2023-05-24,84.6,85.36,83.17,83.17,818479
PGSUS,2023-05-25,83.33,84.91,82.66,83.17,941867
PGSUS,2023-05-26,83.37,89.72,83.37,88.49,1959704
PGSUS,2023-05-29,90.82,94.5,90.82,93.05,1877557
PGSUS,2023-05-30,94.52,96.73,93.28,95.14,1967487
PGSUS,2023-05-31,95.1,96.45,92.58,93.87,2145919
PGSUS,2023-06-01,94.3,96.12,94.16,94.85,1637491
PGSUS,2023-06-02,96.94,98.6,95.94,98.02,2055361
PGSUS,2023-06-05,100.83,107.74,100.83,106.9,3949930
PGSUS,2023-06-06,106.9,108.64,105.23,107.8,2737217
PGSUS,2023-06-07,110.34,114.76,110.32,111.81,2530557
PGSUS,2023-06-08,111.71,112.59,108.95,110.77,1661900
PGSUS,2023-06-09,112.22,119.2,110.09,118.71,3607830
PGSUS,2023-06-12,119.12,127.85,118.97,121.92,4509261
PGSUS,2023-06-13,121.9,121.92,116.01,117.03,2584070
PGSUS,2023-06-14,117.03,120.02,115.31,117.17,2741639
PGSUS,2023-06-15,117.71,121.04,117.17,120.1,2831924
PGSUS,2023-06-16,120.49,122.98,119.69,120.57,1860200
PGSUS,2023-06-19,120.57,123.84,116.05,116.05,2889818
PGSUS,2023-06-20,115.8,116.42,112.45,113.14,2070761
PGSUS,2023-06-21,113.68,115.48,111.83,113.08,1505931
PGSUS,2023-06-22,113.23,121.86,112.63,121.72,3156507
PGSUS,2023-06-23,124.27,125.32,120.51,123.46,2247568
PGSUS,2023-06-26,123.54,126.4,123.54,125.13,2180275
PGSUS,2023-06-27,125.11,126.24,123.91,126.24,659097
PGSUS,2023-07-03,130.96,136.67,130.94,134.52,2945593
PGSUS,2023-07-04,134.52,134.97,131.07,132.17,2472556
PGSUS,2023-07-05,132.99,136.57,130.33,136.49,2712962
PGSUS,2023-07-06,136.96,140.85,136.77,137.49,2174513
PGSUS,2023-07-07,137.45,140.33,136.08,139.66,1898952
PGSUS,2023-07-10,141.17,141.19,137.39,138.43,2082524
PGSUS,2023-07-11,141.09,141.15,137.33,138.84,1375222
PGSUS,2023-07-12,138.92,139.13,135.89,136.02,1399664
PGSUS,2023-07-13,138.51,142.26,137.9,141.85,3215769
PGSUS,2023-07-14,144.24,148.01,143.89,145.67,3043948
PGSUS,2023-07-17,145.72,147.9,144.67,146.49,1800952
PGSUS,2023-07-18,146.7,147.72,143.51,143.71,2235987
PGSUS,2023-07-19,143.65,151.14,142.4,149.71,2965520
PGSUS,2023-07-20,150.18,153.08,149.36,151.4,2321236
PGSUS,2023-07-21,151.4,153.06,149.68,152.94,1681088
PGSUS,2023-07-24,152.98,157.4,151.32,154.98,2025402
PGSUS,2023-07-25,154.96,156.87,152.43,154.68,1810206
PGSUS,2023-07-26,153.45,160.39,153.04,159.75,1828124
PGSUS,2023-07-27,160.57,166.75,159.2,166.75,2075463
PGSUS,2023-07-28,166.95,179.04,166.95,174.97,2368262
PGSUS,2023-07-31,174.99,177.31,172.03,172.4,2169722
PGSUS,2023-08-01,172.4,173.66,166.56,168.16,2328159
PGSUS,2023-08-02,168.16,170.84,166.73,167.98,2150133
PGSUS,2023-08-03,168.55,171.62,166.89,167.51,2152343
PGSUS,2023-08-04,167.77,172.48,167.1,171.86,2455388
PGSUS,2023-08-07,173.32,188.25,173.32,188.23,3066810
PGSUS,2023-08-08,188.64,193.45,185.61,188.85,2520801
PGSUS,2023-08-09,188.85,191.28,183.48,187.82,2403636
PGSUS,2023-08-10,188.44,199.32,188.44,190.42,3273733
PGSUS,2023-08-11,190.48,197.03,189.68,195.6,2166348
PGSUS,2023-08-14,198.46,200.41,192.32,192.32,2870030
PGSUS,2023-08-15,199.48,199.89,185.47,188.52,3303424
PGSUS,2023-08-16,188.64,189.68,183.44,184.81,2080068
PGSUS,2023-08-17,184.98,194.98,184.36,193.71,2434516
PGSUS,2023-08-18,194.78,195.78,183.01,184.12,2090008
PGSUS,2023-08-21,183.53,188.58,180.05,187.72,2166047
PGSUS,2023-08-22,188.23,190.48,182.91,184.65,1874621
PGSUS,2023-08-23,185.84,185.98,173.7,173.7,2544226
PGSUS,2023-08-24,174.69,180.64,168.59,169.27,3064567
PGSUS,2023-08-25,170.02,176.98,163.35,174.24,3917854
PGSUS,2023-08-28,175.34,183.71,175.34,182.5,2490828
PGSUS,2023-08-29,182.65,183.53,177.06,178.66,1347077
PGSUS,2023-08-31,182.91,182.91,175.69,179.0,1444251
PGSUS,2023-09-01,179.02,183.51,175.2,182.42,1978401
PGSUS,2023-09-04,184.06,187.45,180.66,182.73,2046628
PGSUS,2023-09-05,182.73,185.45,177.67,179.68,1969656
PGSUS,2023-09-06,179.66,180.13,177.1,177.98,1747171
PGSUS,2023-09-07,177.98,178.53,174.54,176.75,1530684
PGSUS,2023-09-08,177.67,180.7,173.5,173.5,2125697
PGSUS,2023-09-11,174.13,174.73,169.84,169.84,1467860
PGSUS,2023-09-12,170.43,175.96,169.53,171.25,1975715
PGSUS,2023-09-13,172.48,175.32,169.35,171.78,1798104
PGSUS,2023-09-14,172.93,174.32,167.26,174.32,1821542
PGSUS,2023-09-15,172.56,172.56,164.31,164.31,2791943
PGSUS,2023-09-18,164.13,164.44,155.17,155.17,2160819
PGSUS,2023-09-19,155.7,158.67,152.02,154.15,2217155
PGSUS,2023-09-20,159.59,161.43,154.25,154.47,2820775
PGSUS,2023-09-21,154.27,158.75,151.14,158.11,2402487
PGSUS,2023-09-22,159.55,159.63,155.11,156.97,1353784
PGSUS,2023-09-25,157.54,164.91,155.72,163.68,2267123
PGSUS,2023-09-26,165.11,167.94,162.41,162.64,1862303
PGSUS,2023-09-27,164.7,171.15,161.45,163.95,2908101
PGSUS,2023-09-28,164.23,172.89,163.82,169.63,3592385
PGSUS,2023-09-29,170.59,173.15,167.94,168.63,2119095
PGSUS,2023-10-02,169.35,174.67,168.49,172.48,2709820
PGSUS,2023-10-03,172.62,173.03,169.49,169.57,1758674
PGSUS,2023-10-04,169.69,170.43,163.45,163.72,2049471
PGSUS,2023-10-05,165.11,166.61,158.36,164.52,2934740
PGSUS,2023-10-06,162.72,165.5,161.61,163.07,1461117
PGSUS,2023-10-09,161.16,161.16,152.53,153.31,2582588
PGSUS,2023-10-10,156.27,158.18,154.72,157.01,1875587
PGSUS,2023-10-11,156.11,156.46,152.94,153.2,1363544
PGSUS,2023-10-12,155.02,156.29,145.27,148.85,2464857
PGSUS,2023-10-13,149.07,151.73,147.54,148.76,2389306
PGSUS,2023-10-16,154.06,154.19,147.13,148.54,2808035
PGSUS,2023-10-17,148.66,152.94,148.36,150.79,2019312
PGSUS,2023-10-18,149.32,149.32,144.92,145.35,1906283
PGSUS,2023-10-19,145.47,148.83,144.86,145.12,1823716
PGSUS,2023-10-20,142.46,143.3,138.1,139.56,1859825
PGSUS,2023-10-23,142.71,149.05,142.3,146.94,2872274
PGSUS,2023-10-24,148.33,151.24,146.72,149.95,2240477
PGSUS,2023-10-25,151.4,154.6,139.82,139.82,2576272
PGSUS,2023-10-26,141.11,147.27,137.9,146.12,3293325
PGSUS,2023-10-27,146.12,146.23,140.95,145.49,1704826
PGSUS,2023-10-30,145.18,149.21,144.12,145.47,1643490
PGSUS,2023-10-31,146.29,148.5,144.04,144.24,1822148
PGSUS,2023-11-01,145.57,146.51,140.11,143.73,1625675
PGSUS,2023-11-02,146.25,148.95,145.25,145.67,2062526
PGSUS,2023-11-03,145.88,147.05,143.51,146.17,1576998
PGSUS,2023-11-06,149.56,150.18,147.72,148.74,1065522
PGSUS,2023-11-07,148.74,154.06,147.62,153.24,1830622
PGSUS,2023-11-08,155.19,158.87,155.19,156.72,2067031
PGSUS,2023-11-09,154.88,155.09,150.18,151.3,2711025
PGSUS,2023-11-10,151.92,151.92,147.52,147.93,1452968
PGSUS,2023-11-13,148.95,150.07,143.01,143.22,3127866
PGSUS,2023-11-14,144.04,145.57,142.61,144.24,1804450
PGSUS,2023-11-15,145.57,145.98,142.91,143.22,1366550
PGSUS,2023-11-16,143.32,146.8,143.22,146.19,1787159
PGSUS,2023-11-17,146.29,150.79,145.98,150.59,2271890
PGSUS,2023-11-20,153.04,154.68,150.99,151.3,1726110
PGSUS,2023-11-21,152.84,155.39,150.79,154.47,3072878
PGSUS,2023-11-22,154.47,155.7,150.79,150.99,1826065
PGSUS,2023-11-23,150.99,152.94,148.33,148.33,2146217
PGSUS,2023-11-24,148.23,150.48,147.62,148.64,1695789
PGSUS,2023-11-27,149.26,150.38,147.52,148.95,1568050
PGSUS,2023-11-28,149.56,151.92,148.13,149.36,1780906
PGSUS,2023-11-29,149.87,150.07,146.19,146.29,1312418
PGSUS,2023-11-30,146.29,147.52,144.24,144.24,1625237
PGSUS,2023-12-01,146.9,148.33,144.96,146.19,1655772
PGSUS,2023-12-04,147.0,148.23,145.16,147.0,1583443
PGSUS,2023-12-05,147.11,147.72,144.65,145.27,1220002
PGSUS,2023-12-06,145.27,145.57,141.17,141.17,1372202
PGSUS,2023-12-07,141.38,145.78,140.56,145.78,1637318
PGSUS,2023-12-08,146.19,146.6,144.14,146.19,1218968
PGSUS,2023-12-11,146.29,146.49,138.31,138.31,2598828
PGSUS,2023-12-12,138.51,139.64,136.57,137.8,1965627
PGSUS,2023-12-13,137.49,138.31,133.09,133.09,1743906
PGSUS,2023-12-14,135.65,138.92,133.91,138.62,1722879
PGSUS,2023-12-15,139.03,144.14,138.72,143.83,1629730
PGSUS,2023-12-18,143.01,143.12,137.9,138.1,1256501
PGSUS,2023-12-19,137.9,138.92,135.14,136.37,1503803
PGSUS,2023-12-20,136.37,137.39,135.24,135.44,1100612
PGSUS,2023-12-21,135.44,141.17,135.44,140.36,1611064
PGSUS,2023-12-22,140.76,140.97,135.75,136.37,1228245
PGSUS,2023-12-25,136.26,136.67,131.56,131.97,1085938
PGSUS,2023-12-26,132.68,135.65,131.15,131.25,1545479
PGSUS,2023-12-27,131.25,132.99,130.53,130.74,1418657
PGSUS,2023-12-28,131.66,133.91,131.35,132.58,1538732
PGSUS,2023-12-29,133.09,135.34,132.17,132.89,1548406
PGSUS,2024-01-02,133.19,137.18,133.19,136.98,2035392
PGSUS,2024-01-03,137.39,137.49,132.58,132.89,1528340
PGSUS,2024-01-04,133.3,138.62,132.58,138.1,2393949
PGSUS,2024-01-05,138.51,145.06,137.59,144.96,3216669
PGSUS,2024-01-08,145.27,148.23,143.94,145.98,2212151
PGSUS,2024-01-09,147.31,149.26,141.69,142.3,2806682
PGSUS,2024-01-10,142.3,146.19,142.2,145.47,1864341
PGSUS,2024-01-11,147.41,149.05,144.75,145.57,2041717
PGSUS,2024-01-12,145.47,148.44,142.81,146.29,2594027
PGSUS,2024-01-15,146.49,150.07,146.39,149.77,2801150
PGSUS,2024-01-16,150.18,150.28,146.8,147.93,1984438
PGSUS,2024-01-17,147.21,148.54,146.29,146.9,2074755
PGSUS,2024-01-18,148.54,148.85,145.98,145.98,1865614
PGSUS,2024-01-19,146.9,147.41,144.55,145.88,1717429
PGSUS,2024-01-22,145.98,148.85,145.16,146.6,2384684
PGSUS,2024-01-23,148.33,148.95,144.55,145.27,2373203
PGSUS,2024-01-24,145.78,149.26,145.16,147.62,2733679
PGSUS,2024-01-25,148.54,150.07,147.82,149.26,1985552
PGSUS,2024-01-26,149.56,152.53,148.95,152.53,3544878
PGSUS,2024-01-29,153.14,157.95,152.84,155.6,5024437
PGSUS,2024-01-30,156.31,157.23,154.06,154.47,2437216
PGSUS,2024-01-31,154.68,155.6,152.43,153.96,2144743
PGSUS,2024-02-01,154.37,157.44,154.06,155.9,3135314
PGSUS,2024-02-02,157.34,160.41,155.8,157.03,3877773
PGSUS,2024-02-05,157.54,161.02,157.44,160.82,3198061
PGSUS,2024-02-06,161.43,162.86,159.38,161.22,2752506
PGSUS,2024-02-07,162.35,162.35,158.97,158.97,1697087
PGSUS,2024-02-08,158.97,162.15,158.97,161.43,2947358
PGSUS,2024-02-09,162.66,164.7,161.74,164.09,2348018
PGSUS,2024-02-12,165.52,166.44,163.37,164.5,2759274
PGSUS,2024-02-13,165.73,165.73,159.08,159.18,2184260
PGSUS,2024-02-14,160.61,166.75,160.41,166.34,4004359
PGSUS,2024-02-15,166.44,177.9,166.24,174.63,5967147
PGSUS,2024-02-16,174.73,176.06,170.53,172.07,2758785
PGSUS,2024-02-19,173.91,174.32,167.87,168.08,2309385
PGSUS,2024-02-20,168.59,171.35,167.67,169.61,2536017
PGSUS,2024-02-21,171.25,173.3,167.26,169.61,2566168
PGSUS,2024-02-22,170.02,173.09,169.92,171.35,3082310
PGSUS,2024-02-23,171.86,175.75,171.45,174.32,3533424
PGSUS,2024-02-26,175.44,177.59,174.01,174.93,3450413
PGSUS,2024-02-27,175.03,175.14,169.51,169.51,2165990
PGSUS,2024-02-28,169.51,177.39,167.87,175.03,5494588
PGSUS,2024-02-29,175.96,180.97,174.52,175.44,7344931
PGSUS,2024-03-01,176.06,176.88,170.53,170.53,2345782
PGSUS,2024-03-04,171.05,173.5,168.39,171.05,2577956
PGSUS,2024-03-05,171.45,172.27,163.17,163.68,4342980
PGSUS,2024-03-06,163.17,164.4,159.59,159.89,2673844
PGSUS,2024-03-07,162.86,165.73,162.35,165.52,2489489
PGSUS,2024-03-08,166.13,166.75,163.07,166.34,2853801
PGSUS,2024-03-11,169.2,170.33,164.5,164.7,1883860
PGSUS,2024-03-12,164.7,166.54,162.04,163.37,1766788
PGSUS,2024-03-13,164.5,166.54,162.86,162.86,2629378
PGSUS,2024-03-14,163.68,164.6,162.15,162.76,1715031
PGSUS,2024-03-15,163.37,164.5,161.02,162.15,1786031
PGSUS,2024-03-18,162.66,162.76,158.56,158.56,1671822
PGSUS,2024-03-19,158.56,162.04,158.05,161.74,2141078
PGSUS,2024-03-20,162.25,164.19,160.82,161.53,1842982
PGSUS,2024-03-21,163.17,166.03,162.25,165.32,2824025
PGSUS,2024-03-22,165.73,169.1,165.01,166.44,2748634
PGSUS,2024-03-25,166.24,169.31,163.68,163.68,2440567
PGSUS,2024-03-26,163.99,165.93,159.59,160.82,2050841
PGSUS,2024-03-27,161.63,163.37,159.89,161.94,1701544
PGSUS,2024-03-28,162.25,167.16,162.25,167.06,2441329
PGSUS,2024-03-29,167.46,167.87,164.5,166.34,1897249
PGSUS,2024-04-01,167.77,169.92,164.6,168.28,3008727
PGSUS,2024-04-02,169.2,170.84,163.88,164.5,2323455
PGSUS,2024-04-03,164.5,166.85,163.68,165.11,2021187
PGSUS,2024-04-04,165.52,166.34,162.25,162.35,2755686
PGSUS,2024-04-05,164.7,173.6,164.29,173.6,3246082
PGSUS,2024-04-08,174.93,179.02,174.52,179.02,2094615
PGSUS,2024-04-09,179.02,180.97,177.39,180.46,977213
PGSUS,2024-04-15,177.08,178.0,172.89,173.09,2885255
PGSUS,2024-04-16,172.27,173.5,170.33,171.45,2425960
PGSUS,2024-04-17,172.99,175.44,171.66,171.76,2710632
PGSUS,2024-04-18,173.81,180.87,173.6,178.82,4663773
PGSUS,2024-04-19,176.16,182.09,174.83,181.07,3002867
PGSUS,2024-04-22,184.96,194.16,184.96,188.54,3800151
PGSUS,2024-04-24,191.71,199.28,188.03,198.05,4558105
PGSUS,2024-04-25,197.34,201.12,194.98,197.13,3263399
PGSUS,2024-04-26,198.15,200.81,195.9,199.28,2738338
PGSUS,2024-04-29,200.61,209.1,200.41,208.69,2876107
PGSUS,2024-04-30,209.51,213.19,206.65,211.56,3018623
PGSUS,2024-05-02,213.81,214.83,206.85,211.76,3305024
PGSUS,2024-05-03,213.81,220.56,207.67,212.58,4569398
PGSUS,2024-05-06,212.37,214.01,208.9,210.33,2255196
PGSUS,2024-05-07,210.74,214.42,208.9,213.4,3017368
PGSUS,2024-05-08,213.6,216.26,210.74,211.35,2037053
PGSUS,2024-05-09,201.74,203.88,197.13,202.55,5808331
PGSUS,2024-05-10,203.99,209.92,202.45,204.8,3326403
PGSUS,2024-05-13,207.05,207.46,201.12,201.12,2520505
PGSUS,2024-05-14,202.0,206.9,199.3,204.0,9311145
PGSUS,2024-05-15,204.1,205.2,201.5,201.6,6950661
PGSUS,2024-05-16,201.9,203.1,195.5,202.2,13072010
PGSUS,2024-05-17,203.1,212.7,202.7,212.0,14863817
PGSUS,2024-05-20,212.0,220.2,210.0,216.5,12662247
PGSUS,2024-05-21,218.6,225.0,214.5,217.5,18060889
PGSUS,2024-05-22,220.0,220.0,215.4,218.0,6211101
PGSUS,2024-05-23,217.0,220.4,215.0,215.9,6882594
PGSUS,2024-05-24,215.0,216.8,211.5,212.2,5650862
PGSUS,2024-05-27,213.0,214.3,207.5,210.5,6490918
PGSUS,2024-05-28,210.6,211.5,206.8,209.9,6018738
PGSUS,2024-05-29,209.5,212.5,204.6,204.6,5519275
PGSUS,2024-05-30,205.2,208.8,203.3,206.3,6313396
PGSUS,2024-05-31,207.0,210.5,199.8,201.8,9333091
PGSUS,2024-06-03,204.1,210.6,202.8,210.4,9238356
PGSUS,2024-06-04,212.0,215.5,208.3,209.3,9793367
PGSUS,2024-06-05,209.4,210.9,202.3,210.0,8554552
PGSUS,2024-06-06,212.3,212.4,204.5,205.3,5480105
PGSUS,2024-06-07,206.0,206.8,202.9,205.7,5137212
PGSUS,2024-06-10,204.7,204.7,198.1,198.4,5709521
PGSUS,2024-06-11,200.7,214.5,200.7,210.0,17745594
PGSUS,2024-06-12,209.6,229.0,208.0,226.0,22744238
PGSUS,2024-06-13,229.9,230.9,224.3,228.8,13625501
PGSUS,2024-06-14,232.5,237.9,229.9,230.3,13552384
PGSUS,2024-06-20,234.9,236.7,230.1,233.2,7064080
PGSUS,2024-06-21,233.2,239.9,230.6,238.0,10660824
PGSUS,2024-06-24,238.2,239.0,232.6,236.9,6510431
PGSUS,2024-06-25,237.0,238.5,231.4,235.4,7130631
PGSUS,2024-06-26,235.5,236.5,226.5,226.5,8160944
PGSUS,2024-06-27,227.1,230.4,225.2,227.7,6846744
PGSUS,2024-06-28,228.8,229.7,223.4,227.9,8109373
PGSUS,2024-07-01,230.1,230.1,217.1,219.2,7162998
PGSUS,2024-07-02,218.9,220.3,215.9,219.6,5440810
PGSUS,2024-07-03,220.0,226.6,218.3,224.3,7255767
PGSUS,2024-07-04,224.9,230.0,223.4,229.8,8101925
PGSUS,2024-07-05,231.0,233.6,228.8,232.5,7918697
PGSUS,2024-07-08,232.7,235.0,228.6,232.3,7509416
PGSUS,2024-07-09,234.4,242.2,234.1,238.9,11717620
PGSUS,2024-07-10,241.2,248.2,239.4,245.6,12081753
PGSUS,2024-07-11,247.1,252.0,243.4,252.0,9641347
PGSUS,2024-07-12,251.75,254.5,248.8,251.75,5362305
PGSUS,2024-07-16,251.75,258.5,249.7,257.0,7578039
PGSUS,2024-07-17,257.25,260.0,253.5,255.25,7557813
PGSUS,2024-07-18,256.75,259.0,248.1,248.1,9270964
PGSUS,2024-07-19,248.0,249.7,243.5,247.6,6126067
PGSUS,2024-07-22,247.6,247.6,240.7,241.9,6110824
PGSUS,2024-07-23,241.5,242.6,233.2,236.0,8757238
PGSUS,2024-07-24,235.7,240.5,232.5,234.5,8829669
PGSUS,2024-07-25,234.2,236.4,230.5,232.5,5165997
PGSUS,2024-07-26,235.9,236.2,231.5,234.7,4030382
PGSUS,2024-07-29,231.1,233.5,227.2,229.0,4907608
PGSUS,2024-07-30,229.1,232.8,226.1,226.1,5270956
PGSUS,2024-07-31,223.9,224.3,219.2,224.0,6670725
PGSUS,2024-08-01,229.0,236.1,227.3,234.0,8434894
PGSUS,2024-08-02,231.1,233.5,227.5,232.0,6643428
PGSUS,2024-08-05,213.0,224.5,213.0,218.0,7289787
PGSUS,2024-08-06,227.0,227.0,215.8,215.8,6896790
PGSUS,2024-08-07,218.9,225.5,218.2,223.7,7455595
PGSUS,2024-08-08,223.7,228.4,221.7,228.4,8858079
PGSUS,2024-08-09,231.0,234.0,226.4,232.0,9636661
PGSUS,2024-08-12,238.2,238.2,225.0,230.7,13392460
PGSUS,2024-08-13,231.2,236.5,227.2,235.5,13578702
PGSUS,2024-08-14,236.1,237.6,228.0,228.0,7750272
PGSUS,2024-08-15,227.6,227.6,217.7,225.5,11699641
PGSUS,2024-08-16,229.3,230.4,218.1,218.1,8818450
PGSUS,2024-08-19,220.0,222.2,216.2,221.5,6169496
PGSUS,2024-08-20,221.0,225.7,219.5,220.2,6661978
PGSUS,2024-08-21,220.3,222.4,217.8,218.5,4193423
PGSUS,2024-08-22,219.6,222.4,215.2,216.2,5952981
PGSUS,2024-08-23,216.5,217.7,211.8,211.8,5831608
PGSUS,2024-08-26,213.0,214.6,208.2,208.6,6234986
PGSUS,2024-08-27,208.2,222.2,207.3,221.0,9996710
PGSUS,2024-08-28,221.0,227.8,220.1,226.2,7296103
PGSUS,2024-08-29,226.2,228.3,222.9,227.3,6684189
PGSUS,2024-09-02,229.3,239.0,229.0,237.0,8155512
PGSUS,2024-09-03,237.3,238.7,232.1,233.3,5521960
PGSUS,2024-09-04,232.3,234.3,227.8,234.3,4416565
PGSUS,2024-09-05,236.3,238.0,226.8,228.5,7092881
PGSUS,2024-09-06,228.6,231.8,227.1,228.1,4440260
PGSUS,2024-09-09,226.9,236.5,225.1,233.7,8685721
PGSUS,2024-09-10,233.7,237.1,228.5,232.2,8070209
PGSUS,2024-09-11,232.0,234.4,225.7,225.9,7268184
PGSUS,2024-09-12,231.0,241.4,231.0,237.9,14429388
PGSUS,2024-09-13,239.1,245.2,235.2,245.2,8412751
PGSUS,2024-09-16,245.2,246.2,238.2,239.0,5369345
PGSUS,2024-09-17,240.5,248.0,240.5,244.0,8345568
PGSUS,2024-09-18,243.9,249.5,241.4,249.2,7129772
PGSUS,2024-09-19,250.5,254.0,248.3,253.25,6604472
PGSUS,2024-09-20,252.75,255.5,251.25,253.25,4017875
PGSUS,2024-09-23,255.75,257.25,244.6,245.7,5858682
PGSUS,2024-09-24,246.0,249.9,242.2,244.8,10713483
PGSUS,2024-09-25,245.7,248.5,240.6,241.1,5282040
PGSUS,2024-09-26,243.5,248.2,240.0,242.7,8601435
PGSUS,2024-09-27,243.9,247.0,241.3,244.7,6469006
PGSUS,2024-09-30,243.2,244.2,235.7,239.3,5835171
PGSUS,2024-10-01,239.1,241.3,227.9,232.8,8272446
PGSUS,2024-10-02,231.0,232.3,225.0,225.1,4727834
PGSUS,2024-10-03,223.5,233.1,221.2,225.5,6984782
PGSUS,2024-10-04,227.0,235.0,224.4,235.0,5661177
PGSUS,2024-10-07,235.3,235.7,227.0,227.0,4966423
PGSUS,2024-10-08,227.1,233.7,225.4,230.4,5750378
PGSUS,2024-10-09,229.8,232.7,226.4,232.7,3985145
PGSUS,2024-10-10,232.7,233.6,224.5,224.5,4492787
PGSUS,2024-10-11,226.0,230.4,224.0,225.1,6639192
PGSUS,2024-10-14,225.7,225.9,219.5,223.2,4923482
PGSUS,2024-10-15,223.5,234.4,223.1,233.5,7113358
PGSUS,2024-10-16,233.1,235.0,228.6,234.5,4871270
PGSUS,2024-10-17,234.4,241.6,233.6,240.9,8251893
PGSUS,2024-10-18,240.9,242.4,236.1,236.6,5246839
PGSUS,2024-10-21,236.6,246.4,236.5,239.5,6921418
PGSUS,2024-10-22,240.0,245.0,237.6,243.7,7369843
PGSUS,2024-10-23,244.1,244.8,235.9,237.5,6039000
PGSUS,2024-10-24,239.7,242.4,235.6,238.0,5453562
PGSUS,2024-10-25,237.9,238.7,234.8,236.3,4444053
PGSUS,2024-10-28,239.5,240.5,237.4,238.5,2171624
PGSUS,2024-10-30,239.1,239.4,235.3,236.0,4953118
PGSUS,2024-10-31,235.9,238.1,231.1,231.6,5401216
PGSUS,2024-11-01,232.3,234.4,228.4,228.8,4222696
PGSUS,2024-11-04,227.7,229.0,221.1,228.0,5108229
PGSUS,2024-11-05,229.2,231.0,226.7,229.1,4526136
PGSUS,2024-11-06,229.6,234.6,225.3,231.7,8664301
PGSUS,2024-11-07,232.4,234.4,228.4,232.6,5894729
PGSUS,2024-11-08,232.6,240.6,232.1,240.1,8788865
PGSUS,2024-11-11,241.6,244.3,238.5,244.0,8201368
PGSUS,2024-11-12,244.6,247.2,240.4,242.0,9927858
PGSUS,2024-11-13,241.4,244.3,238.0,238.0,10959267
PGSUS,2024-11-14,238.7,241.3,233.9,234.8,12851397
PGSUS,2024-11-15,236.0,240.7,235.4,235.5,11844176
PGSUS,2024-11-18,236.6,241.9,235.8,239.8,9610387
PGSUS,2024-11-19,240.4,242.0,232.6,233.9,7685103
PGSUS,2024-11-20,230.0,234.6,219.6,219.7,17666335
PGSUS,2024-11-21,221.5,223.8,219.0,221.5,11447781
PGSUS,2024-11-22,222.0,224.6,220.0,221.0,10471903
PGSUS,2024-11-25,223.9,235.4,222.0,228.8,25282896
PGSUS,2024-11-26,228.8,230.5,226.0,227.3,10036904
PGSUS,2024-11-27,232.7,232.9,225.0,225.0,9230403
PGSUS,2024-11-28,223.9,224.5,218.0,218.6,10229823
PGSUS,2024-11-29,219.2,219.5,215.9,217.8,11033128
PGSUS,2024-12-02,217.6,220.2,216.6,218.9,11067766
PGSUS,2024-12-03,219.8,222.0,217.3,220.4,10882766
PGSUS,2024-12-04,221.0,222.6,220.0,220.4,8643563
PGSUS,2024-12-05,221.2,223.7,220.4,221.6,10126523
PGSUS,2024-12-06,222.8,224.2,221.8,223.2,11345549
PGSUS,2024-12-09,225.0,226.0,224.0,224.7,9168592
PGSUS,2024-12-10,224.7,226.1,219.8,220.3,12402797
PGSUS,2024-12-11,220.6,221.3,218.2,220.0,8389981
PGSUS,2024-12-12,223.2,225.3,222.0,224.6,14696742
PGSUS,2024-12-13,223.7,226.0,221.7,226.0,7266454
PGSUS,2024-12-16,227.6,227.8,223.6,224.7,6151672
PGSUS,2024-12-17,225.4,226.3,222.0,225.5,8359494
PGSUS,2024-12-18,225.5,226.2,221.4,221.4,7221578
PGSUS,2024-12-19,219.9,225.5,219.5,222.2,8871006
PGSUS,2024-12-20,224.0,226.1,221.3,221.3,11269880
PGSUS,2024-12-23,222.4,222.4,216.7,217.3,6294380
PGSUS,2024-12-24,217.3,218.5,215.4,216.9,4577296
PGSUS,2024-12-25,219.2,219.8,217.9,218.7,3768172
PGSUS,2024-12-26,219.4,221.6,216.3,218.4,7333574
PGSUS,2024-12-27,218.8,220.3,218.2,219.3,5181721
PGSUS,2024-12-30,219.6,220.3,214.2,214.2,5392834
PGSUS,2024-12-31,213.8,214.6,211.7,213.0,7435422
PGSUS,2025-01-02,214.1,215.6,212.8,215.6,5864562
PGSUS,2025-01-03,216.9,225.0,216.2,223.7,13989064
PGSUS,2025-01-06,224.1,225.0,222.0,222.0,6615557
PGSUS,2025-01-07,221.6,222.9,218.6,218.6,7081388
PGSUS,2025-01-08,218.5,223.0,217.5,218.8,6376797
PGSUS,2025-01-09,219.8,222.7,218.3,219.5,6751182
PGSUS,2025-01-10,220.7,221.4,215.8,216.2,8460061
PGSUS,2025-01-13,216.1,217.3,208.0,210.3,8656964
PGSUS,2025-01-14,210.5,213.8,210.1,211.5,7431997
PGSUS,2025-01-15,213.0,216.8,211.8,212.9,8702787
PGSUS,2025-01-16,216.1,216.7,213.2,215.0,6167523
PGSUS,2025-01-17,215.2,223.5,214.2,223.0,12171237
PGSUS,2025-01-20,224.2,225.8,222.5,223.6,7812535
PGSUS,2025-01-21,222.7,224.2,219.7,220.5,6775351
PGSUS,2025-01-22,220.3,228.0,220.3,228.0,9620169
PGSUS,2025-01-23,231.0,231.8,226.3,231.2,11793357
PGSUS,2025-01-24,231.0,231.2,227.5,230.2,6855681
PGSUS,2025-01-27,228.0,232.8,226.3,231.2,9832893
PGSUS,2025-01-28,231.5,233.8,227.5,233.3,14727149
PGSUS,2025-01-29,234.7,235.7,228.7,233.3,14944466
PGSUS,2025-01-30,233.3,238.0,232.2,232.5,9982494
PGSUS,2025-01-31,232.6,235.2,232.5,234.5,8054187
PGSUS,2025-02-03,233.0,236.7,231.0,232.5,10085373
PGSUS,2025-02-04,233.0,234.8,222.1,222.2,16080755
PGSUS,2025-02-05,222.5,226.0,219.8,223.1,12497955
PGSUS,2025-02-06,224.5,232.2,224.5,230.5,12614414
PGSUS,2025-02-07,229.7,239.3,228.4,238.8,12124286
PGSUS,2025-02-10,238.8,239.1,234.2,235.9,6582999
PGSUS,2025-02-11,237.1,238.1,230.0,237.8,7930480
PGSUS,2025-02-12,237.8,239.3,233.3,238.0,9812498
PGSUS,2025-02-13,239.9,246.4,239.2,245.5,12256203
PGSUS,2025-02-14,245.4,246.7,240.8,242.0,5703900
PGSUS,2025-02-17,242.0,244.3,238.6,243.6,7898931
PGSUS,2025-02-18,243.6,249.1,242.7,247.1,10214766
PGSUS,2025-02-19,246.4,248.2,242.1,242.4,7041926
PGSUS,2025-02-20,243.1,247.2,242.2,243.3,5910177
PGSUS,2025-02-21,243.8,245.4,236.2,240.0,6278828
PGSUS,2025-02-24,242.0,242.6,238.3,238.5,4956387
PGSUS,2025-02-25,238.5,241.5,231.5,232.1,8616214
PGSUS,2025-02-26,232.1,234.0,230.8,232.5,8032628
PGSUS,2025-02-27,232.5,242.2,231.5,238.7,8980739
PGSUS,2025-02-28,237.9,241.3,235.6,239.0,9649354
PGSUS,2025-03-03,241.4,249.7,238.1,247.2,13155136
PGSUS,2025-03-04,246.4,252.75,246.4,251.75,7814336
PGSUS,2025-03-05,255.75,268.0,254.5,268.0,13373152
PGSUS,2025-03-06,269.5,275.75,267.0,275.75,9073050
PGSUS,2025-03-07,275.75,279.25,271.5,274.0,7641954
PGSUS,2025-03-10,273.75,277.75,272.75,276.75,5527783
PGSUS,2025-03-11,276.25,278.25,271.25,272.0,6095913
PGSUS,2025-03-12,273.75,277.75,272.25,273.25,5526915
PGSUS,2025-03-13,274.75,281.75,274.25,278.75,8794091
PGSUS,2025-03-14,281.0,287.25,277.5,282.75,8406468
PGSUS,2025-03-17,283.5,285.0,281.25,281.25,4615792
PGSUS,2025-03-18,279.5,284.0,278.0,281.5,5741499
PGSUS,2025-03-19,262.25,277.0,256.75,262.75,12899184
PGSUS,2025-03-20,264.0,274.75,261.5,266.0,9780488
PGSUS,2025-03-21,264.0,264.25,239.4,239.4,14832447
PGSUS,2025-03-24,243.6,258.25,240.0,257.25,13439898
PGSUS,2025-03-25,265.0,268.25,255.25,258.5,11444747
PGSUS,2025-03-26,257.0,259.25,250.0,253.5,8577313
PGSUS,2025-03-27,258.0,261.0,252.5,254.25,8212728
PGSUS,2025-03-28,256.0,257.75,248.5,257.75,6451207
PGSUS,2025-04-02,256.25,256.25,246.3,246.3,10790119
PGSUS,2025-04-03,246.3,251.75,246.2,246.8,9502174
PGSUS,2025-04-04,249.6,256.0,249.6,254.75,8926158
PGSUS,2025-04-07,246.2,263.5,242.8,260.0,11396108
PGSUS,2025-04-08,264.75,267.75,259.75,264.75,8163167
PGSUS,2025-04-09,262.25,271.0,261.0,266.5,10248641
PGSUS,2025-04-10,276.0,278.5,260.5,260.5,11470492
PGSUS,2025-04-11,261.0,268.25,259.0,266.75,6967735
PGSUS,2025-04-14,269.0,270.0,264.5,264.75,5008671
PGSUS,2025-04-15,266.75,268.75,260.5,262.75,9754743
PGSUS,2025-04-16,261.0,263.25,250.0,251.0,13630771
PGSUS,2025-04-17,251.0,255.0,247.5,249.3,11931559
PGSUS,2025-04-18,250.75,253.75,247.3,248.0,8572544
PGSUS,2025-04-21,249.4,252.5,246.2,249.7,10560726
PGSUS,2025-04-22,250.75,253.0,244.7,244.7,9991725
PGSUS,2025-04-24,245.0,246.4,241.5,244.7,10033754
PGSUS,2025-04-25,245.7,249.4,241.6,243.0,8802598
PGSUS,2025-04-28,243.6,244.9,237.7,237.8,7239498
PGSUS,2025-04-29,234.5,235.9,227.9,227.9,8072480
PGSUS,2025-04-30,228.6,230.1,222.5,222.9,9094416
PGSUS,2025-05-02,224.1,235.7,224.1,232.9,9217232
PGSUS,2025-05-05,235.0,236.0,228.9,234.7,6342440
PGSUS,2025-05-06,234.4,238.6,231.1,232.9,5070793
PGSUS,2025-05-07,231.0,232.8,222.2,226.8,7234026
PGSUS,2025-05-08,228.0,232.8,225.6,232.4,4774340
PGSUS,2025-05-09,234.7,246.0,234.6,244.9,10943208
PGSUS,2025-05-12,253.75,255.0,248.6,254.25,10253728
PGSUS,2025-05-13,253.75,254.0,250.0,250.0,6055003
PGSUS,2025-05-14,250.25,253.5,246.9,251.25,6718509
PGSUS,2025-05-15,251.25,252.5,244.1,245.7,4693365
PGSUS,2025-05-16,248.5,255.5,246.6,250.5,7463295
PGSUS,2025-05-20,250.5,252.75,245.1,250.5,7156868
PGSUS,2025-05-21,249.9,250.75,241.5,241.7,6271695
PGSUS,2025-05-22,243.4,246.5,239.9,244.1,7794345
PGSUS,2025-05-23,243.5,246.7,241.3,242.8,5723226
PGSUS,2025-05-26,245.0,245.9,239.7,240.5,4916095
PGSUS,2025-05-27,240.7,241.8,235.7,235.7,4810823
PGSUS,2025-05-28,235.5,241.3,234.5,240.2,5643655
PGSUS,2025-05-29,242.4,245.1,240.2,240.9,5199314
PGSUS,2025-05-30,240.6,244.3,240.0,241.2,7813091
PGSUS,2025-06-02,241.2,248.3,240.0,247.0,6618305
PGSUS,2025-06-03,249.1,253.0,247.1,252.25,9251797
PGSUS,2025-06-04,251.5,258.0,249.3,258.0,6486788
PGSUS,2025-06-05,256.0,258.0,253.5,257.25,2373433
PGSUS,2025-06-10,259.5,266.5,258.75,262.75,7154419
PGSUS,2025-06-11,262.75,266.5,260.5,264.25,7204953
PGSUS,2025-06-12,258.0,260.75,253.75,256.5,7261029
PGSUS,2025-06-13,237.0,244.5,236.0,242.5,11693892
PGSUS,2025-06-16,242.5,245.9,236.7,243.0,13310882
PGSUS,2025-06-17,242.8,242.9,236.0,236.8,6711042
PGSUS,2025-06-18,235.0,236.4,224.4,225.5,14234085
PGSUS,2025-06-19,227.4,227.5,218.1,218.1,12213983
PGSUS,2025-06-20,223.8,226.7,218.5,222.4,12075478
PGSUS,2025-06-23,218.0,219.1,213.6,214.5,13600115
PGSUS,2025-06-24,232.0,235.9,228.3,235.9,22446911
PGSUS,2025-06-25,237.6,242.9,234.7,239.9,14374723
PGSUS,2025-06-26,240.3,241.6,234.1,234.3,8305024
PGSUS,2025-06-27,233.7,240.0,233.5,240.0,7877082
PGSUS,2025-06-30,241.5,258.5,240.1,257.0,15778858
PGSUS,2025-07-01,257.0,260.75,254.25,257.75,12304736
PGSUS,2025-07-02,259.0,261.5,252.5,256.25,14032242
PGSUS,2025-07-03,258.75,260.75,255.0,255.75,6508655
PGSUS,2025-07-04,256.25,261.0,255.75,259.5,7659874
PGSUS,2025-07-07,255.0,259.25,254.75,257.5,5543422
PGSUS,2025-07-08,259.75,260.0,251.5,252.75,5923783
PGSUS,2025-07-09,253.25,257.5,251.5,256.25,6407390
PGSUS,2025-07-10,258.5,266.0,258.25,262.75,13255656
PGSUS,2025-07-11,269.0,269.25,261.0,262.25,11148509
PGSUS,2025-07-14,262.25,267.5,260.5,264.0,8306342
PGSUS,2025-07-16,264.5,267.0,251.5,255.0,13590831
PGSUS,2025-07-17,260.0,263.25,255.0,260.75,14434243
PGSUS,2025-07-18,262.0,263.25,258.5,260.25,9074492
PGSUS,2025-07-21,263.0,266.75,262.25,265.5,13793854
PGSUS,2025-07-22,266.5,268.0,262.25,264.75,13503880
PGSUS,2025-07-23,265.75,266.75,262.5,263.0,9129918
PGSUS,2025-07-24,263.75,265.75,259.75,263.75,14193765
PGSUS,2025-07-25,264.0,264.25,254.75,254.75,13532555
PGSUS,2025-07-28,255.25,258.75,252.5,253.25,10024702
PGSUS,2025-07-29,253.75,255.25,250.75,250.75,6936057
PGSUS,2025-07-30,251.0,254.25,245.8,245.8,13305497
PGSUS,2025-07-31,247.3,252.0,246.6,252.0,11794872
PGSUS,2025-08-01,253.0,253.0,248.3,249.9,8794613
PGSUS,2025-08-04,251.5,256.25,251.0,253.5,10583660
PGSUS,2025-08-05,254.75,255.25,252.0,252.75,8039682
PGSUS,2025-08-06,254.25,260.0,254.25,258.25,22869997
PGSUS,2025-08-07,260.0,262.5,257.25,261.75,16710747
PGSUS,2025-08-08,257.25,264.5,255.75,263.75,23601614
PGSUS,2025-08-11,266.0,274.5,263.25,274.0,21646274
PGSUS,2025-08-12,274.0,274.0,263.75,268.0,23276089
PGSUS,2025-08-13,260.0,262.25,257.0,257.0,26143758
PGSUS,2025-08-14,258.0,260.75,252.75,252.75,16814742
PGSUS,2025-08-15,253.0,259.0,252.75,257.75,18943474
PGSUS,2025-08-18,258.5,259.25,254.75,256.5,14844224
PGSUS,2025-08-19,257.5,260.0,256.25,256.75,15900087
PGSUS,2025-08-20,257.5,261.25,256.5,258.75,17034018
PGSUS,2025-08-21,260.5,262.5,259.0,261.75,13984538
PGSUS,2025-08-22,262.75,262.75,259.5,260.5,9908470
PGSUS,2025-08-25,261.75,264.75,261.0,261.25,17832634
PGSUS,2025-08-26,261.0,263.5,258.0,258.0,36110232
PGSUS,2025-08-27,259.75,260.5,255.0,255.0,19374501
PGSUS,2025-08-28,255.75,258.5,252.5,252.75,11953689
PGSUS,2025-08-29,253.25,253.75,248.0,249.0,16232522
PGSUS,2025-09-01,249.2,250.25,245.7,246.0,17764134
PGSUS,2025-09-02,246.7,247.6,225.0,235.6,32470967
PGSUS,2025-09-03,236.2,236.2,228.6,231.0,17593735
PGSUS,2025-09-04,231.6,233.2,229.7,231.1,13153609
PGSUS,2025-09-05,232.0,233.3,225.8,225.9,18469453
PGSUS,2025-09-08,221.4,227.0,219.5,220.2,15821324
PGSUS,2025-09-09,221.6,225.0,217.1,220.8,28898098
PGSUS,2025-09-10,223.0,223.1,218.1,222.8,25141322
PGSUS,2025-09-11,225.9,227.2,219.5,220.9,22032855
PGSUS,2025-09-12,220.9,223.1,218.8,222.6,12074295
PGSUS,2025-09-15,222.2,234.2,218.0,233.8,33720702
PGSUS,2025-09-16,234.4,234.5,229.5,232.5,22676863
PGSUS,2025-09-17,232.7,233.4,230.1,230.2,16183124
PGSUS,2025-09-18,232.5,236.2,229.5,229.8,24889016
PGSUS,2025-09-19,230.5,234.1,227.9,232.6,17665299
PGSUS,2025-09-22,238.3,238.6,233.7,233.8,16182609
PGSUS,2025-09-23,230.5,232.2,227.1,227.4,16767701
PGSUS,2025-09-24,227.6,228.2,221.7,224.7,20650469
PGSUS,2025-09-25,226.0,228.6,223.1,223.9,13213749
PGSUS,2025-09-26,223.9,224.6,218.3,219.0,20189320
PGSUS,2025-09-29,218.2,220.0,214.3,215.2,19113933
PGSUS,2025-09-30,216.8,218.8,215.2,216.5,20133418
PGSUS,2025-10-01,216.6,221.7,216.0,220.3,19061770
PGSUS,2025-10-02,221.5,226.3,221.2,224.0,20012930
PGSUS,2025-10-03,225.6,226.5,221.9,222.3,20262522
PGSUS,2025-10-06,224.0,227.7,220.2,220.8,20771386
PGSUS,2025-10-07,221.2,226.2,220.8,224.1,18983048
PGSUS,2025-10-08,223.9,225.2,215.6,216.5,27539897
PGSUS,2025-10-09,220.0,220.3,215.2,216.4,17757958
PGSUS,2025-10-10,216.8,218.5,215.2,215.6,13624453
PGSUS,2025-10-13,212.5,214.6,210.8,211.2,19636325
PGSUS,2025-10-14,212.7,215.2,208.1,208.7,24197277
PGSUS,2025-10-15,209.5,210.4,206.1,209.1,24226563
PGSUS,2025-10-16,209.1,212.5,207.1,207.8,19364471
PGSUS,2025-10-17,206.9,207.9,200.9,205.8,20701509
PGSUS,2025-10-20,206.8,212.6,203.5,212.0,23568309
PGSUS,2025-10-21,212.3,212.5,208.2,210.3,17454393
PGSUS,2025-10-22,211.0,212.5,206.2,206.2,21142020
PGSUS,2025-10-23,206.7,206.9,202.5,203.2,22035902
PGSUS,2025-10-24,204.3,214.6,204.3,208.4,35975893
PGSUS,2025-10-27,208.0,208.7,204.8,205.8,16074380
PGSUS,2025-10-28,205.3,206.3,205.1,205.2,5558619
PGSUS,2025-10-30,205.9,208.1,205.9,206.4,12607372
PGSUS,2025-10-31,206.5,210.3,206.4,210.0,21249813
PGSUS,2025-11-03,210.6,213.5,210.3,213.5,25888697
PGSUS,2025-11-04,213.0,215.3,212.0,213.8,20511952
PGSUS,2025-11-05,214.0,215.0,211.2,212.7,16877867
PGSUS,2025-11-06,214.0,215.1,211.0,213.6,19075869
PGSUS,2025-11-07,215.0,215.9,210.0,211.5,16447372
PGSUS,2025-11-10,213.1,213.5,205.4,205.5,22673532
PGSUS,2025-11-11,205.7,208.9,196.9,201.8,25622743
PGSUS,2025-11-12,203.3,203.9,201.0,201.4,10867144
PGSUS,2025-11-13,202.5,206.7,202.5,204.6,16489513
PGSUS,2025-11-14,203.8,206.0,201.8,204.0,14214505
PGSUS,2025-11-17,207.0,208.3,203.0,204.0,18695692
PGSUS,2025-11-18,203.5,205.7,202.3,202.7,13101614
PGSUS,2025-11-19,203.5,207.1,202.9,205.9,24533195
PGSUS,2025-11-20,207.0,209.1,205.4,206.9,14554676
PGSUS,2025-11-21,206.0,206.4,204.4,205.6,10465408
PGSUS,2025-11-24,205.2,208.4,202.8,205.0,22126235
PGSUS,2025-11-25,205.1,209.4,203.5,204.5,26059519
PGSUS,2025-11-26,205.0,205.9,203.8,203.9,12810633
PGSUS,2025-11-27,205.1,206.3,202.8,203.0,16237467
PGSUS,2025-11-28,202.9,204.3,200.6,201.0,18693914
PGSUS,2025-12-01,200.4,204.5,200.1,204.4,15747088
PGSUS,2025-12-02,205.0,206.6,204.2,205.6,15844919
PGSUS,2025-12-03,206.5,207.7,201.7,201.7,26926688
PGSUS,2025-12-04,202.4,204.3,197.0,197.3,20870031
PGSUS,2025-12-05,197.6,198.9,195.0,195.8,16803389
PGSUS,2025-12-08,200.0,204.3,199.2,203.3,30029771
PGSUS,2025-12-09,203.5,203.9,202.0,202.7,12600989
PGSUS,2025-12-10,202.7,205.7,202.5,202.8,20951393
PGSUS,2025-12-11,203.2,205.0,201.9,202.7,14975340
PGSUS,2025-12-12,203.3,206.2,203.3,205.1,14853912
PGSUS,2025-12-15,205.6,207.7,203.7,207.0,16480703
PGSUS,2025-12-16,208.0,209.2,206.5,207.6,17885257
PGSUS,2025-12-17,207.2,210.5,205.5,209.1,18442682
PGSUS,2025-12-18,209.7,214.4,209.2,211.3,21959142
PGSUS,2025-12-19,211.5,214.2,210.7,214.2,13980944
PGSUS,2025-12-22,215.5,215.7,209.2,209.4,14826807
PGSUS,2025-12-23,209.0,209.3,206.1,207.0,11074599
PGSUS,2025-12-24,207.1,207.7,205.1,206.2,10897833
PGSUS,2025-12-25,207.3,208.3,206.3,206.5,5556206
PGSUS,2025-12-26,206.6,206.6,203.5,204.5,7540648
PGSUS,2025-12-29,203.4,203.4,195.3,195.4,19540273
PGSUS,2025-12-30,195.7,196.3,191.6,192.2,17912229
PGSUS,2025-12-31,193.0,195.5,191.7,191.7,13745143
PGSUS,2026-01-02,192.6,196.0,192.5,195.0,13826375
PGSUS,2026-01-05,195.5,198.8,194.1,198.6,18017761
PGSUS,2026-01-06,199.0,207.2,199.0,206.8,23999979
PGSUS,2026-01-07,207.7,209.3,204.0,205.1,24231189
PGSUS,2026-01-08,205.2,207.2,201.2,206.4,17519493
PGSUS,2026-01-09,209.7,210.2,203.4,204.7,21269977
PGSUS,2026-01-12,204.7,206.2,203.1,204.4,19823648
PGSUS,2026-01-13,204.5,204.8,200.1,201.3,20361904
PGSUS,2026-01-14,201.9,202.3,195.9,197.1,16921211
PGSUS,2026-01-15,197.2,200.4,195.7,199.1,22073894
PGSUS,2026-01-16,201.5,204.1,200.4,201.5,25537485
PGSUS,2026-01-19,203.5,205.7,202.1,203.2,25862347
PGSUS,2026-01-20,203.1,203.2,198.6,199.5,20340766
PGSUS,2026-01-21,199.8,200.8,197.8,200.2,20389836
PGSUS,2026-01-22,201.7,203.5,199.0,202.8,24096745
PGSUS,2026-01-23,203.5,205.6,202.6,203.2,23195434
PGSUS,2026-01-26,202.2,204.0,200.0,201.1,22601633
PGSUS,2026-01-27,201.4,202.2,197.2,197.2,24096313
PGSUS,2026-01-28,197.5,201.6,197.5,198.9,33373278
PGSUS,2026-01-29,200.5,205.0,199.7,201.7,42987312
PGSUS,2026-01-30,202.0,204.3,199.4,203.5,37468402
PGSUS,2026-02-02,202.0,205.8,198.8,202.7,41128727
PGSUS,2026-02-03,204.0,209.7,203.9,209.4,40984654
PGSUS,2026-02-04,211.0,211.4,205.9,207.5,39403586
PGSUS,2026-02-05,207.3,208.2,204.9,205.2,28770714
PGSUS,2026-02-06,205.0,207.7,200.9,207.0,32983462
PGSUS,2026-02-09,209.0,210.4,207.7,209.2,31649936
PGSUS,2026-02-10,209.5,211.5,207.2,207.8,28685406
PGSUS,2026-02-11,206.3,209.3,205.2,207.0,29992256
PGSUS,2026-02-12,208.2,221.1,208.2,217.5,59896686
PGSUS,2026-02-13,217.5,221.5,216.7,218.1,49699900
PGSUS,2026-02-16,220.3,226.1,219.9,224.0,47308951
PGSUS,2026-02-17,223.7,224.9,219.6,223.0,44930319
PGSUS,2026-02-18,223.3,224.1,210.9,211.0,56037000
PGSUS,2026-02-19,212.3,212.8,201.9,202.0,40688280
PGSUS,2026-02-20,202.9,204.9,200.6,204.2,32137310
PGSUS,2026-02-23,208.0,208.4,202.3,203.3,22981091
PGSUS,2026-02-24,203.0,203.2,199.5,199.7,21929017
PGSUS,2026-02-25,200.7,201.7,198.3,198.3,20084626
PGSUS,2026-02-26,198.7,205.3,197.2,202.2,25662235
PGSUS,2026-02-27,203.9,204.2,196.5,196.5,28260028
PGSUS,2026-03-02,178.2,186.6,178.2,185.1,20724671
PGSUS,2026-03-03,183.3,188.9,181.3,181.4,22148228
PGSUS,2026-03-04,181.0,183.7,178.9,181.8,19770456
PGSUS,2026-03-05,183.4,184.7,180.7,180.7,12212759
PGSUS,2026-03-06,180.7,182.3,175.6,177.2,16142232
PGSUS,2026-03-09,173.0,174.6,167.3,173.6,27347010
PGSUS,2026-03-10,182.0,182.6,178.0,179.4,25306922
PGSUS,2026-03-11,179.5,180.3,176.5,180.0,13373576
PGSUS,2026-03-12,178.5,181.4,177.5,179.0,15562808
PGSUS,2026-03-13,178.7,178.7,174.7,177.3,11289915
PGSUS,2026-03-16,177.3,177.9,174.6,176.9,7860643
PGSUS,2026-03-17,177.5,180.2,176.8,179.9,9212884
PGSUS,2026-03-18,181.2,181.6,176.9,178.5,7090342
PGSUS,2026-03-19,176.7,177.8,176.5,177.5,3243073
PGSUS,2026-03-23,173.8,181.5,169.1,181.5,25873107
PGSUS,2026-03-24,180.0,181.7,178.1,179.0,10504753
PGSUS,2026-03-25,181.8,183.2,178.5,180.0,18272536
PGSUS,2026-03-26,179.4,180.4,177.4,177.6,9288261
PGSUS,2026-03-27,178.0,178.4,174.7,177.0,7664200
PGSUS,2026-03-30,175.9,176.0,174.0,174.6,7566692
PGSUS,2026-03-31,174.5,176.8,174.2,175.5,14540516
PGSUS,2026-04-01,182.0,182.5,178.1,179.4,14789687
PGSUS,2026-04-02,176.8,179.4,175.2,178.9,11688355
PGSUS,2026-04-03,178.5,179.1,176.3,176.6,7770031
PGSUS,2026-04-06,177.0,180.1,176.6,178.4,13171659
PGSUS,2026-04-07,178.0,179.1,174.2,175.0,9918002
PGSUS,2026-04-08,185.2,190.6,184.1,186.0,32599541
PGSUS,2026-04-09,185.0,186.6,183.5,185.3,16750455
PGSUS,2026-04-10,187.0,188.6,186.5,188.4,16415393
PGSUS,2026-04-13,184.8,184.8,182.6,183.7,13856574
PGSUS,2026-04-14,185.9,188.8,185.5,187.1,20505621
PGSUS,2026-04-15,188.8,190.5,187.9,188.3,18342364
PGSUS,2026-04-16,190.1,191.4,184.9,186.0,15848055
PGSUS,2026-04-17,186.5,198.0,185.5,196.9,32820718
