RYAAY,2021-04-21,40.18,41.86,40.12,41.83,226894
RYAAY,2021-04-22,42.4,43.45,42.26,42.66,379297
RYAAY,2021-04-23,42.7,43.88,42.7,43.73,205602
RYAAY,2021-04-26,44.45,45.11,44.13,45.1,228486
RYAAY,2021-04-27,45.0,45.55,44.96,45.46,140269
RYAAY,2021-04-28,45.33,46.29,45.12,45.83,172253
RYAAY,2021-04-29,46.26,47.35,46.23,47.2,467235
RYAAY,2021-04-30,46.84,47.4,46.34,46.74,283534
RYAAY,2021-05-03,47.19,47.26,46.64,47.17,162920
RYAAY,2021-05-04,47.14,47.14,46.1,46.52,258088
RYAAY,2021-05-05,46.15,47.53,46.15,46.95,223083
RYAAY,2021-05-06,47.34,47.8,46.8,47.74,183162
RYAAY,2021-05-07,47.94,48.26,47.56,47.78,303777
RYAAY,2021-05-10,48.15,48.56,47.71,48.06,404476
RYAAY,2021-05-11,46.95,47.28,46.46,47.1,188181
RYAAY,2021-05-12,46.53,47.44,46.12,47.09,222950
RYAAY,2021-05-13,46.44,46.86,45.13,45.82,291623
RYAAY,2021-05-14,46.07,47.26,45.88,46.36,320880
RYAAY,2021-05-17,46.57,46.57,45.2,45.45,218235
RYAAY,2021-05-18,46.07,46.4,45.24,45.45,197994
RYAAY,2021-05-19,45.28,45.57,44.29,45.37,169553
RYAAY,2021-05-20,45.18,45.42,44.89,45.34,204789
RYAAY,2021-05-21,46.4,46.52,46.07,46.26,253569
RYAAY,2021-05-24,46.28,46.34,45.66,45.74,234508
RYAAY,2021-05-25,46.82,47.02,45.58,45.6,411758
RYAAY,2021-05-26,45.86,45.86,45.3,45.49,280129
RYAAY,2021-05-27,46.45,46.53,45.84,46.24,278456
RYAAY,2021-05-28,46.48,47.18,46.0,46.7,192532
RYAAY,2021-06-01,47.06,47.64,47.06,47.6,218699
RYAAY,2021-06-02,47.54,48.65,47.39,48.44,247361
RYAAY,2021-06-03,47.0,47.26,45.6,45.77,335537
RYAAY,2021-06-04,46.19,46.19,44.82,45.59,219902
RYAAY,2021-06-07,45.63,46.43,45.45,45.6,240084
RYAAY,2021-06-08,46.38,46.46,45.6,46.02,180489
RYAAY,2021-06-09,46.62,46.77,45.3,45.86,181602
RYAAY,2021-06-10,45.23,45.72,44.84,45.15,159517
RYAAY,2021-06-11,45.75,45.91,45.16,45.47,407196
RYAAY,2021-06-14,44.73,45.27,44.52,44.93,162042
RYAAY,2021-06-15,44.98,45.32,44.71,45.17,99249
RYAAY,2021-06-16,45.05,45.39,44.8,44.93,135299
RYAAY,2021-06-17,45.49,45.64,44.67,45.19,222734
RYAAY,2021-06-18,43.98,44.7,43.69,44.12,288203
RYAAY,2021-06-21,44.32,45.08,44.13,44.78,210625
RYAAY,2021-06-22,45.11,45.14,44.09,44.32,234217
RYAAY,2021-06-23,44.55,44.64,43.91,44.01,186446
RYAAY,2021-06-24,44.28,44.69,44.04,44.2,172296
RYAAY,2021-06-25,44.1,44.14,43.47,43.73,174204
RYAAY,2021-06-28,42.77,42.8,42.0,42.68,241325
RYAAY,2021-06-29,42.03,42.95,42.03,42.9,233747
RYAAY,2021-06-30,42.98,43.47,42.55,43.28,190913
RYAAY,2021-07-01,44.06,44.46,43.68,43.84,165758
RYAAY,2021-07-02,44.07,44.74,43.8,44.47,187411
RYAAY,2021-07-06,44.97,45.15,43.55,43.85,281703
RYAAY,2021-07-07,43.62,43.7,42.5,42.98,165891
RYAAY,2021-07-08,42.46,42.95,41.9,42.4,188753
RYAAY,2021-07-09,42.96,43.28,42.94,43.18,274606
RYAAY,2021-07-12,43.22,43.22,42.12,42.85,278487
RYAAY,2021-07-13,42.52,42.52,41.72,42.0,175520
RYAAY,2021-07-14,42.0,42.47,41.71,41.8,431155
RYAAY,2021-07-15,41.8,42.02,41.13,41.69,233955
RYAAY,2021-07-16,41.93,41.93,40.65,40.74,220557
RYAAY,2021-07-19,39.56,39.56,38.58,39.13,544297
RYAAY,2021-07-20,39.34,40.17,38.93,40.04,410208
RYAAY,2021-07-21,40.46,41.41,40.46,40.84,310294
RYAAY,2021-07-22,41.82,42.56,41.43,41.66,274014
RYAAY,2021-07-23,41.65,41.97,41.46,41.81,183594
RYAAY,2021-07-26,42.63,42.99,41.62,42.9,364074
RYAAY,2021-07-27,43.76,44.08,42.92,43.57,342635
RYAAY,2021-07-28,43.78,44.76,43.52,44.38,330800
RYAAY,2021-07-29,44.52,44.52,43.51,43.68,248908
RYAAY,2021-07-30,43.6,44.16,43.33,43.62,306874
RYAAY,2021-08-02,43.95,44.8,43.6,43.65,158514
RYAAY,2021-08-03,43.78,44.1,43.41,43.72,113008
RYAAY,2021-08-04,43.5,43.66,43.11,43.58,209014
RYAAY,2021-08-05,43.78,44.75,43.76,44.22,180962
RYAAY,2021-08-06,44.29,44.29,43.53,43.9,93594
RYAAY,2021-08-09,43.38,43.38,42.6,43.14,79883
RYAAY,2021-08-10,43.2,43.92,42.8,43.92,132167
RYAAY,2021-08-11,43.68,44.63,43.42,44.62,228559
RYAAY,2021-08-12,44.14,44.2,43.4,43.57,150915
RYAAY,2021-08-13,43.5,43.74,43.11,43.2,85280
RYAAY,2021-08-16,42.92,43.18,42.46,43.05,125039
RYAAY,2021-08-17,42.65,42.9,42.2,42.72,307866
RYAAY,2021-08-18,42.4,43.34,42.22,42.22,199131
RYAAY,2021-08-19,42.26,42.26,41.72,42.08,235968
RYAAY,2021-08-20,42.02,42.1,41.67,42.04,131853
RYAAY,2021-08-23,42.51,43.24,42.34,43.17,201309
RYAAY,2021-08-24,43.54,43.97,43.31,43.41,83893
RYAAY,2021-08-25,43.93,43.93,43.39,43.77,193322
RYAAY,2021-08-26,43.1,43.79,42.97,43.49,160923
RYAAY,2021-08-27,43.23,43.56,43.07,43.34,242080
RYAAY,2021-08-30,43.39,43.49,42.96,43.08,178813
RYAAY,2021-08-31,42.74,43.42,42.63,43.08,479167
RYAAY,2021-09-01,43.35,43.84,43.07,43.12,232643
RYAAY,2021-09-02,43.69,43.69,42.81,42.84,198877
RYAAY,2021-09-03,42.92,43.27,42.71,43.24,183229
RYAAY,2021-09-07,43.01,43.5,43.01,43.26,465669
RYAAY,2021-09-08,43.37,43.41,42.52,42.83,237620
RYAAY,2021-09-09,42.47,43.2,42.4,42.98,277531
RYAAY,2021-09-10,42.54,42.75,42.13,42.16,380988
RYAAY,2021-09-13,42.54,42.95,42.14,42.34,499663
RYAAY,2021-09-14,42.23,42.34,41.57,41.95,253870
RYAAY,2021-09-15,41.74,42.44,41.42,42.4,273690
RYAAY,2021-09-16,44.46,45.79,44.06,45.75,324191
RYAAY,2021-09-17,46.0,46.4,45.42,46.15,259804
RYAAY,2021-09-20,46.1,46.39,45.07,45.64,247096
RYAAY,2021-09-21,44.89,45.5,44.68,44.8,185259
RYAAY,2021-09-22,45.1,45.42,44.3,44.33,364312
RYAAY,2021-09-23,44.39,45.49,44.26,45.24,178838
RYAAY,2021-09-24,45.15,45.91,45.07,45.77,171833
RYAAY,2021-09-27,46.23,46.78,45.42,45.44,245396
RYAAY,2021-09-28,45.17,45.46,44.35,44.62,330181
RYAAY,2021-09-29,44.84,45.6,44.28,45.35,264865
RYAAY,2021-09-30,44.64,44.64,43.82,44.02,318696
RYAAY,2021-10-01,44.83,47.08,44.83,47.01,258858
RYAAY,2021-10-04,47.14,47.8,46.34,46.4,214847
RYAAY,2021-10-05,46.18,46.36,45.64,45.94,161180
RYAAY,2021-10-06,44.93,45.14,43.56,44.72,298423
RYAAY,2021-10-07,44.97,46.13,44.76,46.02,361128
RYAAY,2021-10-08,45.32,46.96,45.16,46.32,423444
RYAAY,2021-10-11,46.63,46.69,46.04,46.15,175070
RYAAY,2021-10-12,45.42,45.68,45.2,45.58,216765
RYAAY,2021-10-13,44.81,45.28,44.77,45.15,238444
RYAAY,2021-10-14,45.81,47.06,45.81,46.79,273819
RYAAY,2021-10-15,47.47,48.1,47.06,47.1,266694
RYAAY,2021-10-18,46.01,46.33,45.52,45.83,191959
RYAAY,2021-10-19,45.52,45.52,44.66,44.73,243121
RYAAY,2021-10-20,43.86,44.01,43.28,43.73,428420
RYAAY,2021-10-21,43.72,43.98,43.18,43.36,165315
RYAAY,2021-10-22,43.2,43.6,43.2,43.36,110259
RYAAY,2021-10-25,43.37,43.99,43.36,43.94,244429
RYAAY,2021-10-26,44.18,44.37,43.36,43.62,190951
RYAAY,2021-10-27,43.55,43.76,43.1,43.44,151348
RYAAY,2021-10-28,44.12,44.46,43.82,44.27,197896
RYAAY,2021-10-29,44.27,45.47,44.12,45.4,284508
RYAAY,2021-11-01,45.4,46.58,44.86,46.51,224890
RYAAY,2021-11-02,46.44,47.52,45.91,47.33,439445
RYAAY,2021-11-03,47.84,48.55,47.48,48.42,426357
RYAAY,2021-11-04,48.11,48.28,47.54,48.1,270209
RYAAY,2021-11-05,49.06,49.82,48.89,49.54,308753
RYAAY,2021-11-08,48.43,50.9,48.43,50.45,758733
RYAAY,2021-11-09,49.34,49.76,48.27,48.8,548565
RYAAY,2021-11-10,48.1,49.27,47.33,48.38,331912
RYAAY,2021-11-11,47.74,47.98,46.83,46.88,223016
RYAAY,2021-11-12,46.32,46.36,45.35,45.65,220984
RYAAY,2021-11-15,45.53,46.01,45.37,45.85,212063
RYAAY,2021-11-16,45.82,46.27,45.16,45.86,415013
RYAAY,2021-11-17,45.22,45.31,44.54,45.03,332076
RYAAY,2021-11-18,44.9,44.9,43.88,44.34,433785
RYAAY,2021-11-19,43.31,43.46,42.26,42.36,392989
RYAAY,2021-11-22,42.26,42.27,40.9,41.1,332506
RYAAY,2021-11-23,41.8,42.33,41.26,41.6,395030
RYAAY,2021-11-24,40.91,41.64,40.35,41.52,379401
RYAAY,2021-11-26,39.0,40.08,38.7,40.0,507747
RYAAY,2021-11-29,40.91,40.97,38.82,39.25,383644
RYAAY,2021-11-30,39.08,39.54,38.02,38.22,711780
RYAAY,2021-12-01,40.34,40.43,38.06,38.15,779030
RYAAY,2021-12-02,39.65,40.26,38.97,40.07,512052
RYAAY,2021-12-03,40.28,40.61,39.53,40.23,341596
RYAAY,2021-12-06,41.0,41.87,40.36,41.0,371647
RYAAY,2021-12-07,41.47,41.8,40.46,40.52,321310
RYAAY,2021-12-08,40.38,41.11,40.11,40.54,463771
RYAAY,2021-12-09,39.74,40.65,39.68,40.36,409122
RYAAY,2021-12-10,40.3,40.84,40.05,40.16,446247
RYAAY,2021-12-13,39.37,39.37,38.4,38.87,371560
RYAAY,2021-12-14,38.87,39.8,38.42,39.26,424100
RYAAY,2021-12-15,38.83,39.76,38.33,39.67,460859
RYAAY,2021-12-16,39.54,40.18,39.47,39.8,532614
RYAAY,2021-12-17,40.17,40.94,39.97,40.28,628365
RYAAY,2021-12-20,39.28,40.49,38.94,40.4,619424
RYAAY,2021-12-21,40.95,43.06,40.95,42.0,482536
RYAAY,2021-12-22,42.64,43.08,41.43,41.5,542193
RYAAY,2021-12-23,42.43,42.74,41.9,41.94,279145
RYAAY,2021-12-27,41.87,42.72,41.56,42.42,165859
RYAAY,2021-12-28,42.42,42.63,41.9,41.98,157552
RYAAY,2021-12-29,41.72,41.95,41.04,41.18,221455
RYAAY,2021-12-30,41.21,41.71,40.85,40.85,330048
RYAAY,2021-12-31,40.85,42.06,40.67,40.93,161959
RYAAY,2022-01-03,41.34,43.11,40.91,42.58,211326
RYAAY,2022-01-04,44.32,44.49,43.2,43.62,402588
RYAAY,2022-01-05,44.57,44.74,43.94,44.1,398489
RYAAY,2022-01-06,44.03,44.81,43.9,44.64,347915
RYAAY,2022-01-07,44.82,46.64,44.66,46.4,496872
RYAAY,2022-01-10,46.44,47.07,45.49,46.39,757370
RYAAY,2022-01-11,46.34,47.43,45.92,47.24,406320
RYAAY,2022-01-12,46.56,46.72,45.8,45.94,291501
RYAAY,2022-01-13,46.06,47.55,46.02,46.76,187917
RYAAY,2022-01-14,46.56,47.17,46.15,47.14,161693
RYAAY,2022-01-18,45.44,45.79,44.72,45.24,314560
RYAAY,2022-01-19,44.92,46.19,44.62,45.6,391910
RYAAY,2022-01-20,47.03,47.03,45.8,46.04,313748
RYAAY,2022-01-21,45.63,46.03,44.86,45.38,218243
RYAAY,2022-01-24,43.5,44.85,43.35,44.77,430945
RYAAY,2022-01-25,43.88,44.36,42.41,42.54,1109009
RYAAY,2022-01-26,45.52,45.53,42.62,42.99,476769
RYAAY,2022-01-27,43.42,44.8,43.42,44.38,608407
RYAAY,2022-01-28,44.61,44.86,43.61,44.38,463476
RYAAY,2022-01-31,43.36,44.7,41.72,44.65,421800
RYAAY,2022-02-01,44.86,46.51,44.16,46.4,369326
RYAAY,2022-02-02,46.72,47.52,46.5,47.21,483897
RYAAY,2022-02-03,45.99,47.11,45.68,46.83,412257
RYAAY,2022-02-04,46.59,47.84,46.18,47.7,595554
RYAAY,2022-02-07,47.8,48.04,46.9,47.46,380254
RYAAY,2022-02-08,47.49,48.31,47.46,48.28,864764
RYAAY,2022-02-09,49.8,49.9,48.4,48.8,585327
RYAAY,2022-02-10,48.74,50.0,48.63,49.65,785944
RYAAY,2022-02-11,49.78,50.06,47.85,48.59,1027385
RYAAY,2022-02-14,48.33,49.26,48.14,49.14,1066196
RYAAY,2022-02-15,49.34,50.3,48.37,48.4,524775
RYAAY,2022-02-16,48.3,48.3,46.12,46.3,802303
RYAAY,2022-02-17,45.92,45.93,43.28,43.4,587713
RYAAY,2022-02-18,44.11,44.39,42.87,43.16,347427
RYAAY,2022-02-22,43.1,43.82,42.36,42.6,320521
RYAAY,2022-02-23,43.09,43.25,41.52,41.59,274530
RYAAY,2022-02-24,40.26,40.72,39.75,40.65,702515
RYAAY,2022-02-25,41.34,42.04,40.72,40.97,703836
RYAAY,2022-02-28,39.72,40.37,38.8,39.88,715968
RYAAY,2022-03-01,38.3,38.96,35.5,35.6,775848
RYAAY,2022-03-02,36.89,37.67,36.45,37.23,811329
RYAAY,2022-03-03,37.36,37.66,35.53,36.2,799342
RYAAY,2022-03-04,35.12,35.2,33.2,33.45,861377
RYAAY,2022-03-07,33.2,33.45,29.65,29.65,1114217
RYAAY,2022-03-08,31.45,31.98,30.16,31.02,1635681
RYAAY,2022-03-09,33.99,34.09,32.52,32.62,1189858
RYAAY,2022-03-10,32.39,32.84,31.91,32.12,707838
RYAAY,2022-03-11,33.73,33.73,31.81,32.0,1402120
RYAAY,2022-03-14,32.58,34.35,32.29,33.34,978625
RYAAY,2022-03-15,35.44,35.82,33.88,34.27,848813
RYAAY,2022-03-16,34.87,36.27,34.87,36.18,458529
RYAAY,2022-03-17,34.62,35.63,34.62,35.59,678708
RYAAY,2022-03-18,34.38,35.0,34.16,34.69,676877
RYAAY,2022-03-21,33.41,34.83,33.18,34.42,698198
RYAAY,2022-03-22,34.78,35.07,34.24,34.74,598893
RYAAY,2022-03-23,34.17,34.38,33.58,33.73,513580
RYAAY,2022-03-24,33.12,33.73,32.54,33.71,928912
RYAAY,2022-03-25,33.68,34.33,33.25,33.31,531160
RYAAY,2022-03-28,34.4,34.48,33.5,33.92,776991
RYAAY,2022-03-29,36.13,36.53,34.71,35.11,956529
RYAAY,2022-03-30,34.52,34.52,33.48,33.64,1106710
RYAAY,2022-03-31,33.81,34.92,33.52,34.85,1356801
RYAAY,2022-04-01,34.24,35.51,34.24,35.44,809128
RYAAY,2022-04-04,34.84,36.3,34.67,35.66,721548
RYAAY,2022-04-05,34.96,35.36,34.36,34.76,702914
RYAAY,2022-04-06,33.39,33.98,32.78,33.84,888431
RYAAY,2022-04-07,34.91,35.25,34.07,35.12,418358
RYAAY,2022-04-08,34.82,35.43,34.61,35.04,415356
RYAAY,2022-04-11,35.42,36.8,35.13,36.36,682225
RYAAY,2022-04-12,36.67,37.02,36.32,36.6,461636
RYAAY,2022-04-13,36.25,38.15,36.12,37.84,886545
RYAAY,2022-04-14,37.85,38.65,37.66,38.35,519142
RYAAY,2022-04-18,38.01,38.2,37.3,37.74,403206
RYAAY,2022-04-19,37.54,37.98,37.12,37.88,481790
RYAAY,2022-04-20,38.04,38.35,37.1,37.34,405625
RYAAY,2022-04-21,39.21,39.37,37.51,37.71,406606
RYAAY,2022-04-22,37.54,37.84,36.08,36.44,288783
RYAAY,2022-04-25,36.21,36.8,35.77,36.55,483807
RYAAY,2022-04-26,36.31,36.46,34.88,34.95,309163
RYAAY,2022-04-27,35.26,35.95,35.06,35.67,306677
RYAAY,2022-04-28,36.51,36.65,35.39,36.2,249384
RYAAY,2022-04-29,35.62,36.15,34.87,34.93,312758
RYAAY,2022-05-02,34.65,35.1,34.2,35.01,218087
RYAAY,2022-05-03,35.57,35.9,35.08,35.45,188692
RYAAY,2022-05-04,34.8,35.62,34.49,35.46,148256
RYAAY,2022-05-05,34.77,34.86,34.2,34.4,443261
RYAAY,2022-05-06,34.22,34.72,33.58,34.18,782594
RYAAY,2022-05-09,34.18,34.32,33.1,33.3,621400
RYAAY,2022-05-10,33.92,33.93,32.9,33.16,579945
RYAAY,2022-05-11,33.85,34.01,32.72,32.78,327896
RYAAY,2022-05-12,31.87,32.7,31.64,32.1,381786
RYAAY,2022-05-13,32.58,33.44,32.54,33.2,1116103
RYAAY,2022-05-16,32.8,32.83,31.73,32.41,596268
RYAAY,2022-05-17,33.43,34.28,33.43,33.85,1261125
RYAAY,2022-05-18,33.65,34.12,33.03,33.19,419953
RYAAY,2022-05-19,33.54,34.29,33.47,33.9,606887
RYAAY,2022-05-20,34.43,34.59,33.96,34.35,860881
RYAAY,2022-05-23,34.94,34.94,34.37,34.76,463356
RYAAY,2022-05-24,34.24,34.36,33.57,33.95,440317
RYAAY,2022-05-25,34.5,35.28,34.38,35.01,909414
RYAAY,2022-05-26,35.06,35.87,34.99,35.6,798741
RYAAY,2022-05-27,35.54,36.24,35.48,36.24,504733
RYAAY,2022-05-31,34.79,35.14,34.55,34.88,370088
RYAAY,2022-06-01,34.82,34.96,33.89,34.28,325789
RYAAY,2022-06-02,34.6,34.99,34.45,34.9,210204
RYAAY,2022-06-03,34.54,34.73,33.89,34.18,138429
RYAAY,2022-06-06,34.56,34.81,34.42,34.62,350667
RYAAY,2022-06-07,34.24,34.57,34.04,34.4,250253
RYAAY,2022-06-08,33.26,33.72,33.14,33.36,426831
RYAAY,2022-06-09,33.02,33.02,31.84,31.87,220611
RYAAY,2022-06-10,31.38,31.79,30.52,30.55,568777
RYAAY,2022-06-13,29.31,29.46,27.94,28.0,627556
RYAAY,2022-06-14,28.51,28.53,27.71,28.04,615299
RYAAY,2022-06-15,28.33,28.73,28.06,28.55,580173
RYAAY,2022-06-16,27.31,27.56,26.26,26.64,769492
RYAAY,2022-06-17,27.62,28.52,27.24,28.41,690305
RYAAY,2022-06-21,28.56,29.14,28.37,28.42,519826
RYAAY,2022-06-22,28.07,29.38,28.03,29.2,442389
RYAAY,2022-06-23,29.0,29.25,28.62,29.05,308754
RYAAY,2022-06-24,28.83,30.04,28.82,30.01,438213
RYAAY,2022-06-27,30.04,30.21,29.05,29.16,508379
RYAAY,2022-06-28,29.01,29.6,28.11,28.3,560264
RYAAY,2022-06-29,27.8,27.92,27.46,27.8,388248
RYAAY,2022-06-30,26.71,27.23,26.12,26.9,687090
RYAAY,2022-07-01,26.98,27.5,26.7,27.46,599665
RYAAY,2022-07-05,26.39,27.47,26.03,27.35,709898
RYAAY,2022-07-06,27.2,27.52,26.89,27.11,532173
RYAAY,2022-07-07,27.6,27.86,27.19,27.24,606703
RYAAY,2022-07-08,27.46,27.46,26.87,27.13,614957
RYAAY,2022-07-11,26.5,26.75,26.25,26.47,423457
RYAAY,2022-07-12,26.5,27.22,26.5,27.04,1056681
RYAAY,2022-07-13,26.21,27.27,26.13,27.17,654159
RYAAY,2022-07-14,27.3,27.66,26.89,27.0,504818
RYAAY,2022-07-15,28.42,28.43,27.48,27.6,590919
RYAAY,2022-07-18,27.96,28.63,27.96,28.11,577810
RYAAY,2022-07-19,28.67,29.17,28.56,28.84,727608
RYAAY,2022-07-20,28.78,29.22,28.54,28.9,355019
RYAAY,2022-07-21,28.93,28.98,28.39,28.93,781544
RYAAY,2022-07-22,29.36,29.43,28.36,28.39,1190102
RYAAY,2022-07-25,30.03,30.12,29.1,29.7,869418
RYAAY,2022-07-26,28.2,28.79,28.18,28.51,441057
RYAAY,2022-07-27,29.32,29.57,28.98,29.36,668023
RYAAY,2022-07-28,28.87,29.44,28.56,29.27,477492
RYAAY,2022-07-29,29.37,29.47,29.0,29.2,474614
RYAAY,2022-08-01,29.6,29.68,28.91,29.6,681403
RYAAY,2022-08-02,28.84,29.25,28.62,28.65,359593
RYAAY,2022-08-03,28.96,29.6,28.78,29.48,596884
RYAAY,2022-08-04,29.48,29.78,29.36,29.67,309764
RYAAY,2022-08-05,29.01,29.64,28.94,29.6,493662
RYAAY,2022-08-08,29.7,29.94,29.48,29.81,491762
RYAAY,2022-08-09,29.57,29.57,28.82,29.18,266250
RYAAY,2022-08-10,29.56,30.16,29.56,29.92,311550
RYAAY,2022-08-11,30.16,30.32,29.75,29.86,239013
RYAAY,2022-08-12,29.86,30.28,29.86,30.08,244835
RYAAY,2022-08-15,30.38,30.7,30.32,30.34,212584
RYAAY,2022-08-16,30.71,30.88,30.38,30.76,415617
RYAAY,2022-08-17,30.13,30.14,29.68,29.9,197928
RYAAY,2022-08-18,29.95,30.11,29.71,30.1,307160
RYAAY,2022-08-19,29.2,29.38,28.58,28.71,188804
RYAAY,2022-08-22,28.18,28.27,27.93,28.2,255628
RYAAY,2022-08-23,28.49,29.09,28.46,28.94,275323
RYAAY,2022-08-24,28.45,29.26,28.45,29.23,337787
RYAAY,2022-08-25,28.9,29.58,28.86,29.48,408458
RYAAY,2022-08-26,29.18,29.3,27.84,27.91,300865
RYAAY,2022-08-29,27.69,28.28,27.66,28.18,259741
RYAAY,2022-08-30,28.43,28.94,28.28,28.92,371463
RYAAY,2022-08-31,28.86,29.39,28.79,29.08,703984
RYAAY,2022-09-01,28.22,29.07,28.22,29.03,736210
RYAAY,2022-09-02,28.92,29.68,28.72,29.11,492941
RYAAY,2022-09-06,29.39,29.44,28.8,29.09,242862
RYAAY,2022-09-07,28.97,29.63,28.96,29.54,496460
RYAAY,2022-09-08,28.81,29.23,28.44,29.12,552703
RYAAY,2022-09-09,29.62,30.01,29.58,29.7,547565
RYAAY,2022-09-12,30.07,30.16,29.57,29.77,330696
RYAAY,2022-09-13,29.12,29.64,28.91,28.94,611350
RYAAY,2022-09-14,28.25,28.42,27.14,27.49,1084949
RYAAY,2022-09-15,27.59,28.68,27.59,27.87,739443
RYAAY,2022-09-16,27.3,27.31,26.29,27.2,834075
RYAAY,2022-09-19,27.25,28.0,27.22,27.8,251425
RYAAY,2022-09-20,27.5,27.52,26.95,27.07,492139
RYAAY,2022-09-21,26.7,26.95,26.26,26.26,419464
RYAAY,2022-09-22,26.33,26.43,25.6,25.74,496262
RYAAY,2022-09-23,24.77,25.08,24.46,25.0,531048
RYAAY,2022-09-26,24.46,24.79,24.16,24.2,760923
RYAAY,2022-09-27,24.54,24.54,23.42,23.58,1050457
RYAAY,2022-09-28,23.34,24.08,23.12,23.96,1647852
RYAAY,2022-09-29,23.32,23.59,22.78,23.05,738341
RYAAY,2022-09-30,23.07,23.7,22.94,23.37,564750
RYAAY,2022-10-03,23.28,23.98,23.24,23.81,601172
RYAAY,2022-10-04,25.01,25.56,24.99,25.44,826029
RYAAY,2022-10-05,25.06,25.23,24.87,25.02,343250
RYAAY,2022-10-06,24.83,25.0,24.39,24.62,633302
RYAAY,2022-10-07,24.08,24.26,23.27,23.37,583554
RYAAY,2022-10-10,23.68,23.68,23.17,23.4,379150
RYAAY,2022-10-11,23.64,23.71,22.92,22.96,412752
RYAAY,2022-10-12,22.37,22.8,22.36,22.76,598215
RYAAY,2022-10-13,22.94,24.15,22.71,23.9,1101392
RYAAY,2022-10-14,24.89,24.89,24.15,24.16,582887
RYAAY,2022-10-17,25.02,25.08,24.45,24.56,684552
RYAAY,2022-10-18,25.47,25.71,25.03,25.05,673945
RYAAY,2022-10-19,25.07,25.38,24.83,25.06,532397
RYAAY,2022-10-20,25.08,25.23,24.83,24.88,311408
RYAAY,2022-10-21,24.46,25.39,24.45,25.36,329339
RYAAY,2022-10-24,25.63,25.66,25.15,25.37,342028
RYAAY,2022-10-25,25.56,26.19,25.41,26.1,399593
RYAAY,2022-10-26,26.44,27.0,26.3,26.91,668877
RYAAY,2022-10-27,26.78,27.28,26.78,27.14,675261
RYAAY,2022-10-28,26.33,27.16,26.33,27.14,526855
RYAAY,2022-10-31,27.38,27.69,27.29,27.56,439265
RYAAY,2022-11-01,27.71,27.98,27.54,27.6,289627
RYAAY,2022-11-02,27.23,27.48,26.57,26.58,280812
RYAAY,2022-11-03,26.43,27.02,26.37,26.84,238620
RYAAY,2022-11-04,27.76,27.95,27.24,27.62,336649
RYAAY,2022-11-07,29.36,29.42,27.84,28.54,909449
RYAAY,2022-11-08,28.5,29.41,28.5,29.06,443350
RYAAY,2022-11-09,28.94,29.28,28.85,29.08,271311
RYAAY,2022-11-10,29.95,30.34,29.8,30.32,662789
RYAAY,2022-11-11,30.56,31.4,30.37,31.27,735887
RYAAY,2022-11-14,30.85,31.21,30.76,30.79,394649
RYAAY,2022-11-15,31.2,31.47,30.4,30.66,280410
RYAAY,2022-11-16,30.11,30.28,29.7,29.98,318951
RYAAY,2022-11-17,29.32,29.81,29.22,29.77,290121
RYAAY,2022-11-18,30.1,30.3,29.35,29.59,176511
RYAAY,2022-11-21,29.43,30.09,29.27,30.0,325970
RYAAY,2022-11-22,29.62,30.65,29.44,30.38,488690
RYAAY,2022-11-23,30.42,30.64,30.17,30.36,184621
RYAAY,2022-11-25,30.75,31.02,30.6,30.92,151189
RYAAY,2022-11-28,30.85,30.89,30.52,30.57,335577
RYAAY,2022-11-29,30.15,30.59,30.08,30.18,335734
RYAAY,2022-11-30,30.45,30.45,29.74,30.28,397188
RYAAY,2022-12-01,30.8,30.81,30.43,30.78,312117
RYAAY,2022-12-02,30.64,31.16,30.34,31.14,268402
RYAAY,2022-12-05,30.93,31.08,30.74,30.94,333335
RYAAY,2022-12-06,30.8,31.1,30.08,30.43,315710
RYAAY,2022-12-07,30.83,30.83,30.02,30.1,249664
RYAAY,2022-12-08,30.55,30.8,30.23,30.41,341551
RYAAY,2022-12-09,30.58,31.41,30.58,31.1,263091
RYAAY,2022-12-12,31.06,31.56,31.0,31.55,174451
RYAAY,2022-12-13,32.08,32.17,30.19,30.45,546962
RYAAY,2022-12-14,30.5,31.29,30.4,31.09,243604
RYAAY,2022-12-15,31.14,31.4,30.88,31.34,583142
RYAAY,2022-12-16,30.78,31.54,30.43,30.95,867980
RYAAY,2022-12-19,30.88,31.33,30.48,30.52,311520
RYAAY,2022-12-20,30.67,31.09,30.64,31.01,382498
RYAAY,2022-12-21,31.61,31.86,31.41,31.51,185198
RYAAY,2022-12-22,31.14,31.2,30.14,30.64,256883
RYAAY,2022-12-23,30.33,30.84,30.17,30.64,150431
RYAAY,2022-12-27,30.51,30.64,30.29,30.4,140644
RYAAY,2022-12-28,30.24,30.24,29.4,29.4,142565
RYAAY,2022-12-29,29.46,30.13,29.4,30.07,227585
RYAAY,2022-12-30,29.84,29.99,29.63,29.9,201052
RYAAY,2023-01-03,30.39,30.45,29.59,29.81,197219
RYAAY,2023-01-04,30.12,32.9,30.12,32.9,592787
RYAAY,2023-01-05,33.2,33.82,33.11,33.76,561907
RYAAY,2023-01-06,33.82,34.84,33.55,34.78,339901
RYAAY,2023-01-09,35.52,35.69,35.21,35.21,641930
RYAAY,2023-01-10,35.54,36.22,35.48,36.1,259623
RYAAY,2023-01-11,35.58,35.58,35.25,35.5,447115
RYAAY,2023-01-12,36.31,36.86,36.16,36.8,254612
RYAAY,2023-01-13,36.62,37.13,36.45,37.02,304472
RYAAY,2023-01-17,36.9,37.8,36.61,37.66,659200
RYAAY,2023-01-18,38.0,38.38,36.51,36.69,703658
RYAAY,2023-01-19,36.92,37.53,36.74,37.12,512537
RYAAY,2023-01-20,37.66,37.67,37.0,37.46,545023
RYAAY,2023-01-23,37.24,37.99,37.18,37.9,257009
RYAAY,2023-01-24,37.92,38.33,37.78,38.04,216483
RYAAY,2023-01-25,38.58,38.81,38.25,38.61,210670
RYAAY,2023-01-26,38.19,38.32,37.62,38.24,243862
RYAAY,2023-01-27,38.0,38.48,37.94,38.28,216467
RYAAY,2023-01-30,37.17,37.49,36.44,36.67,484681
RYAAY,2023-01-31,36.63,36.91,36.05,36.21,364581
RYAAY,2023-02-01,37.22,37.78,36.75,37.14,410539
RYAAY,2023-02-02,37.97,38.28,37.56,37.99,322024
RYAAY,2023-02-03,37.27,38.01,37.18,37.92,412387
RYAAY,2023-02-06,37.03,38.02,37.02,37.96,461924
RYAAY,2023-02-07,37.72,38.72,37.59,38.6,698089
RYAAY,2023-02-08,38.6,39.08,38.6,38.94,626424
RYAAY,2023-02-09,39.3,39.74,38.09,38.22,704969
RYAAY,2023-02-10,36.96,37.43,36.56,37.34,611543
RYAAY,2023-02-13,37.11,37.83,37.07,37.78,535617
RYAAY,2023-02-14,37.67,38.56,37.6,38.4,561585
RYAAY,2023-02-15,38.01,38.5,37.99,38.35,565796
RYAAY,2023-02-16,38.21,38.21,37.7,37.78,386817
RYAAY,2023-02-17,37.73,37.8,37.5,37.71,425197
RYAAY,2023-02-21,36.97,37.18,36.54,36.84,375799
RYAAY,2023-02-22,36.49,36.8,36.23,36.33,418885
RYAAY,2023-02-23,37.26,37.48,36.33,37.31,571735
RYAAY,2023-02-24,36.06,36.45,36.05,36.36,620766
RYAAY,2023-02-27,37.08,37.21,36.79,36.9,298995
RYAAY,2023-02-28,36.55,37.2,36.36,37.11,363868
RYAAY,2023-03-01,37.62,37.99,37.48,37.78,342299
RYAAY,2023-03-02,37.28,38.18,37.25,38.05,316937
RYAAY,2023-03-03,38.46,39.0,38.26,38.92,225139
RYAAY,2023-03-06,38.86,39.3,38.8,38.9,142485
RYAAY,2023-03-07,38.93,38.97,38.4,38.52,231935
RYAAY,2023-03-08,38.42,38.86,38.35,38.47,357397
RYAAY,2023-03-09,37.53,38.0,37.0,37.07,260757
RYAAY,2023-03-10,37.35,37.41,36.15,36.28,510298
RYAAY,2023-03-13,36.05,36.33,35.74,36.18,438795
RYAAY,2023-03-14,36.79,37.07,36.26,36.6,196314
RYAAY,2023-03-15,35.16,35.21,34.54,35.1,297235
RYAAY,2023-03-16,34.77,35.47,34.67,35.41,241536
RYAAY,2023-03-17,34.95,35.25,34.84,35.1,445984
RYAAY,2023-03-20,35.57,36.05,35.35,35.7,284248
RYAAY,2023-03-21,37.0,37.2,36.87,36.95,297779
RYAAY,2023-03-22,37.03,37.34,36.8,36.8,278011
RYAAY,2023-03-23,37.26,37.74,36.6,36.86,214229
RYAAY,2023-03-24,35.97,35.97,35.0,35.83,272361
RYAAY,2023-03-27,36.15,36.4,35.89,36.24,127619
RYAAY,2023-03-28,36.02,36.7,36.02,36.55,165591
RYAAY,2023-03-29,37.16,37.37,36.9,37.08,278712
RYAAY,2023-03-30,37.53,37.61,37.18,37.2,237325
RYAAY,2023-03-31,37.63,37.9,37.52,37.72,264570
RYAAY,2023-04-03,36.71,37.27,36.55,37.13,451110
RYAAY,2023-04-04,37.2,37.46,36.84,37.19,255128
RYAAY,2023-04-05,36.53,36.7,36.07,36.2,283864
RYAAY,2023-04-06,36.34,37.66,36.23,37.6,576806
RYAAY,2023-04-10,37.65,37.91,37.35,37.6,174512
RYAAY,2023-04-11,37.44,37.77,37.17,37.65,215850
RYAAY,2023-04-12,37.47,37.74,36.78,37.19,334890
RYAAY,2023-04-13,37.68,37.71,37.1,37.67,142750
RYAAY,2023-04-14,37.4,37.65,37.14,37.39,176806
RYAAY,2023-04-17,37.8,38.03,37.48,37.64,172558
RYAAY,2023-04-18,38.48,38.88,38.32,38.79,249122
RYAAY,2023-04-19,38.74,38.8,38.2,38.67,259152
RYAAY,2023-04-20,38.27,38.58,37.66,37.79,209683
RYAAY,2023-04-21,37.86,37.93,37.59,37.9,431949
RYAAY,2023-04-24,38.16,38.38,37.6,37.87,166209
RYAAY,2023-04-25,37.78,37.96,37.15,37.17,236334
RYAAY,2023-04-26,37.16,37.25,36.16,36.19,362056
RYAAY,2023-04-27,37.45,37.58,36.61,37.31,319284
RYAAY,2023-04-28,36.82,38.36,36.78,38.24,256779
RYAAY,2023-05-01,38.33,39.42,38.23,38.82,223650
RYAAY,2023-05-02,38.94,39.14,38.17,39.12,164345
RYAAY,2023-05-03,38.55,38.64,38.0,38.24,228383
RYAAY,2023-05-04,37.85,38.14,37.2,37.32,159164
RYAAY,2023-05-05,38.0,38.4,37.85,38.16,172437
RYAAY,2023-05-08,38.17,38.61,38.16,38.49,150689
RYAAY,2023-05-09,38.88,39.64,38.8,39.34,295354
RYAAY,2023-05-10,40.0,40.19,39.14,39.84,231028
RYAAY,2023-05-11,39.55,39.94,39.34,39.92,212738
RYAAY,2023-05-12,39.92,39.92,39.48,39.65,172886
RYAAY,2023-05-15,39.46,40.28,39.4,40.24,288031
RYAAY,2023-05-16,40.29,40.66,40.03,40.32,382013
RYAAY,2023-05-17,40.86,42.42,40.83,42.03,1209228
RYAAY,2023-05-18,41.37,41.6,40.47,40.84,839467
RYAAY,2023-05-19,40.25,40.52,39.56,40.12,596867
RYAAY,2023-05-22,40.54,40.77,39.83,39.96,621881
RYAAY,2023-05-23,40.96,42.54,40.67,42.1,1245187
RYAAY,2023-05-24,41.83,42.4,41.36,41.55,463484
RYAAY,2023-05-25,42.33,43.08,42.05,42.92,924971
RYAAY,2023-05-26,42.57,43.0,42.19,42.6,586758
RYAAY,2023-05-30,41.99,42.23,41.7,42.12,405463
RYAAY,2023-05-31,41.87,42.14,41.14,42.03,553376
RYAAY,2023-06-01,42.04,42.73,41.84,42.56,314461
RYAAY,2023-06-02,42.78,43.14,42.68,42.77,461348
RYAAY,2023-06-05,42.65,43.2,42.56,42.7,508904
RYAAY,2023-06-06,42.21,42.54,42.0,42.43,327624
RYAAY,2023-06-07,42.45,42.78,42.29,42.62,421367
RYAAY,2023-06-08,42.8,43.56,42.68,43.31,410077
RYAAY,2023-06-09,43.0,43.49,42.72,42.98,690872
RYAAY,2023-06-12,43.17,43.35,42.76,42.94,505025
RYAAY,2023-06-13,43.43,43.56,42.74,43.14,378341
RYAAY,2023-06-14,43.13,43.24,42.55,42.87,474351
RYAAY,2023-06-15,42.86,42.86,42.3,42.78,733716
RYAAY,2023-06-16,42.7,43.26,42.44,43.16,406703
RYAAY,2023-06-20,42.09,42.44,42.0,42.4,476494
RYAAY,2023-06-21,42.4,43.28,42.34,43.03,709894
RYAAY,2023-06-22,42.7,43.68,42.51,43.66,462572
RYAAY,2023-06-23,41.06,42.32,41.02,41.87,1072631
RYAAY,2023-06-26,41.95,42.24,41.42,41.52,488528
RYAAY,2023-06-27,42.06,43.39,41.97,43.26,521621
RYAAY,2023-06-28,43.36,44.07,43.36,43.79,585727
RYAAY,2023-06-29,44.01,44.15,43.22,43.29,459753
RYAAY,2023-06-30,43.85,44.26,43.74,44.24,605831
RYAAY,2023-07-03,44.07,44.71,43.97,44.4,399296
RYAAY,2023-07-05,44.4,44.47,43.58,43.8,416613
RYAAY,2023-07-06,42.62,42.96,42.41,42.75,355475
RYAAY,2023-07-07,42.75,43.38,42.62,43.13,454998
RYAAY,2023-07-10,43.29,43.46,43.19,43.32,415605
RYAAY,2023-07-11,43.76,44.3,43.67,44.19,860907
RYAAY,2023-07-12,43.98,44.25,43.3,43.45,729465
RYAAY,2023-07-13,44.54,45.1,44.08,44.56,752570
RYAAY,2023-07-14,44.48,44.57,44.03,44.42,603900
RYAAY,2023-07-17,44.34,44.6,43.77,43.89,582991
RYAAY,2023-07-18,43.8,44.02,43.38,44.0,690584
RYAAY,2023-07-19,43.88,44.03,43.26,43.75,361095
RYAAY,2023-07-20,43.35,43.4,42.56,42.66,427911
RYAAY,2023-07-21,43.2,43.36,42.78,43.01,618468
RYAAY,2023-07-24,40.7,40.87,38.9,39.13,1694858
RYAAY,2023-07-25,39.72,40.65,39.6,40.46,1359416
RYAAY,2023-07-26,40.71,41.24,40.71,40.87,789973
RYAAY,2023-07-27,40.38,40.96,40.01,40.12,475404
RYAAY,2023-07-28,40.44,40.69,40.06,40.26,336981
RYAAY,2023-07-31,40.24,41.08,40.17,41.01,438363
RYAAY,2023-08-01,40.69,41.03,40.29,40.76,659188
RYAAY,2023-08-02,40.21,40.27,39.64,39.64,461229
RYAAY,2023-08-03,39.6,40.36,39.5,40.04,606720
RYAAY,2023-08-04,40.82,41.14,40.24,40.39,521753
RYAAY,2023-08-07,40.99,41.07,40.38,40.88,451705
RYAAY,2023-08-08,40.41,40.78,39.84,40.4,539821
RYAAY,2023-08-09,40.29,40.34,39.58,39.7,167332
RYAAY,2023-08-10,40.37,40.44,39.86,39.87,226807
RYAAY,2023-08-11,39.78,40.02,39.67,39.75,157170
RYAAY,2023-08-14,39.43,40.14,39.43,39.94,227846
RYAAY,2023-08-15,39.68,39.93,39.29,39.3,267813
RYAAY,2023-08-16,39.52,41.13,39.51,40.38,623820
RYAAY,2023-08-17,40.04,40.04,39.4,39.48,282344
RYAAY,2023-08-18,39.01,39.68,38.99,39.3,406250
RYAAY,2023-08-21,39.6,40.01,39.28,39.84,205716
RYAAY,2023-08-22,39.8,40.01,39.73,39.81,157096
RYAAY,2023-08-23,39.72,40.11,39.62,39.89,145314
RYAAY,2023-08-24,40.19,40.42,39.18,39.2,268699
RYAAY,2023-08-25,39.36,39.42,38.54,39.06,202563
RYAAY,2023-08-28,39.04,39.65,39.04,39.38,121690
RYAAY,2023-08-29,39.43,39.67,39.12,39.46,512983
RYAAY,2023-08-30,40.1,40.15,39.32,39.53,262323
RYAAY,2023-08-31,40.41,40.45,39.58,39.7,486853
RYAAY,2023-09-01,40.11,40.26,39.03,39.22,342129
RYAAY,2023-09-05,39.32,40.19,39.24,39.5,580906
RYAAY,2023-09-06,39.44,39.67,38.45,38.84,386246
RYAAY,2023-09-07,38.89,38.91,38.36,38.36,327561
RYAAY,2023-09-08,38.38,38.71,38.31,38.42,210847
RYAAY,2023-09-11,38.27,39.4,38.24,39.21,174455
RYAAY,2023-09-12,40.4,40.72,40.1,40.2,521323
RYAAY,2023-09-13,40.33,40.33,39.52,39.58,417611
RYAAY,2023-09-14,39.32,39.84,39.11,39.49,267382
RYAAY,2023-09-15,40.03,40.31,39.63,39.76,281715
RYAAY,2023-09-18,39.47,39.96,39.44,39.56,246723
RYAAY,2023-09-19,39.66,40.84,39.36,40.47,460440
RYAAY,2023-09-20,40.59,41.34,40.43,40.72,264010
RYAAY,2023-09-21,40.22,40.73,39.89,40.2,323990
RYAAY,2023-09-22,39.84,40.38,39.81,40.1,309812
RYAAY,2023-09-25,39.38,40.08,38.85,39.71,403523
RYAAY,2023-09-26,39.38,39.51,38.76,38.82,480903
RYAAY,2023-09-27,38.82,39.91,38.75,39.0,1106661
RYAAY,2023-09-28,38.63,39.58,38.16,39.32,573674
RYAAY,2023-09-29,39.36,39.41,38.5,38.88,447330
RYAAY,2023-10-02,39.06,39.06,38.35,38.64,384839
RYAAY,2023-10-03,38.05,38.55,38.04,38.4,379256
RYAAY,2023-10-04,38.51,38.68,37.94,38.52,287136
RYAAY,2023-10-05,39.25,39.52,38.72,39.03,301364
RYAAY,2023-10-06,39.68,39.68,38.74,39.18,264171
RYAAY,2023-10-09,37.91,38.42,37.43,38.34,334146
RYAAY,2023-10-10,38.66,39.43,38.66,39.4,295482
RYAAY,2023-10-11,39.49,39.68,38.75,38.75,381636
RYAAY,2023-10-12,38.79,38.81,37.77,37.82,339168
RYAAY,2023-10-13,37.12,37.52,36.44,36.62,393654
RYAAY,2023-10-16,36.73,37.6,36.72,37.28,249409
RYAAY,2023-10-17,36.74,37.34,36.73,36.92,216917
RYAAY,2023-10-18,36.54,36.54,35.72,35.95,353181
RYAAY,2023-10-19,36.29,36.53,36.05,36.12,269648
RYAAY,2023-10-20,35.54,36.04,35.44,35.76,226271
RYAAY,2023-10-23,36.0,36.33,35.7,35.82,233815
RYAAY,2023-10-24,35.8,36.38,35.8,35.94,303753
RYAAY,2023-10-25,35.86,35.86,35.34,35.37,192874
RYAAY,2023-10-26,35.2,35.66,34.94,35.03,267209
RYAAY,2023-10-27,35.34,36.0,35.2,35.67,273065
RYAAY,2023-10-30,35.58,36.02,35.39,35.76,208233
RYAAY,2023-10-31,35.74,35.74,34.87,35.08,377762
RYAAY,2023-11-01,36.15,36.15,35.48,35.8,449904
RYAAY,2023-11-02,36.99,37.43,36.93,37.39,317585
RYAAY,2023-11-03,37.61,38.36,37.6,37.72,556375
RYAAY,2023-11-06,41.2,41.2,38.94,39.31,958518
RYAAY,2023-11-07,39.97,41.08,39.86,40.88,901923
RYAAY,2023-11-08,41.3,42.62,40.99,42.6,879579
RYAAY,2023-11-09,43.03,43.39,42.5,42.89,1197298
RYAAY,2023-11-10,42.0,42.88,41.87,42.82,835738
RYAAY,2023-11-13,41.92,42.96,41.92,42.89,495887
RYAAY,2023-11-14,43.38,44.34,43.38,44.32,753879
RYAAY,2023-11-15,44.31,45.68,44.31,45.66,1006268
RYAAY,2023-11-16,44.73,45.88,44.69,45.86,971769
RYAAY,2023-11-17,45.66,46.79,45.66,46.08,1030255
RYAAY,2023-11-20,45.6,46.19,45.42,46.17,533042
RYAAY,2023-11-21,46.1,46.68,45.98,46.36,763368
RYAAY,2023-11-22,46.4,47.08,46.36,47.01,808630
RYAAY,2023-11-24,46.57,47.21,46.43,46.98,542580
RYAAY,2023-11-27,46.4,47.2,46.21,47.0,1218795
RYAAY,2023-11-28,47.65,47.72,46.71,47.02,506768
RYAAY,2023-11-29,47.32,47.77,47.11,47.32,442293
RYAAY,2023-11-30,47.42,47.46,46.96,47.29,376029
RYAAY,2023-12-01,47.46,48.13,47.44,48.07,590592
RYAAY,2023-12-04,47.7,48.71,47.47,48.58,1007676
RYAAY,2023-12-05,48.24,48.62,47.83,48.33,847156
RYAAY,2023-12-06,48.72,49.72,48.71,49.65,1129294
RYAAY,2023-12-07,49.74,50.76,49.4,50.46,1346066
RYAAY,2023-12-08,49.77,50.06,49.26,49.96,910240
RYAAY,2023-12-11,49.67,49.79,49.34,49.75,551140
RYAAY,2023-12-12,50.06,50.65,49.7,50.62,614599
RYAAY,2023-12-13,50.51,50.91,50.24,50.88,643940
RYAAY,2023-12-14,51.12,52.04,50.94,52.02,806969
RYAAY,2023-12-15,51.84,52.5,51.5,52.22,622926
RYAAY,2023-12-18,52.17,52.62,51.8,52.49,630295
RYAAY,2023-12-19,52.92,53.34,52.58,53.24,792679
RYAAY,2023-12-20,53.02,53.73,52.79,53.14,944426
RYAAY,2023-12-21,53.54,53.86,53.34,53.52,570809
RYAAY,2023-12-22,54.35,54.35,53.36,53.93,343524
RYAAY,2023-12-26,54.04,54.46,53.82,54.3,138716
RYAAY,2023-12-27,54.37,54.37,53.51,53.96,572601
RYAAY,2023-12-28,53.62,54.01,53.56,53.93,313805
RYAAY,2023-12-29,53.76,53.76,53.07,53.34,443707
RYAAY,2024-01-02,52.73,52.96,51.65,51.73,500520
RYAAY,2024-01-03,50.01,50.08,48.4,48.46,889532
RYAAY,2024-01-04,49.35,49.59,48.92,49.06,407651
RYAAY,2024-01-05,48.8,50.37,48.8,50.35,376364
RYAAY,2024-01-08,50.12,50.48,49.64,49.64,443009
RYAAY,2024-01-09,49.13,49.54,49.04,49.2,409749
RYAAY,2024-01-10,49.08,49.54,49.05,49.24,294142
RYAAY,2024-01-11,49.56,50.15,49.48,50.15,230524
RYAAY,2024-01-12,49.3,49.76,48.72,49.03,310742
RYAAY,2024-01-16,48.56,50.02,48.5,50.0,901738
RYAAY,2024-01-17,49.1,49.88,49.0,49.86,800722
RYAAY,2024-01-18,50.0,50.82,49.6,50.8,597188
RYAAY,2024-01-19,50.13,50.7,49.22,50.67,1024319
RYAAY,2024-01-22,50.44,51.05,50.17,50.8,1009828
RYAAY,2024-01-23,51.07,51.36,50.57,51.32,1022902
RYAAY,2024-01-24,52.09,52.1,51.04,51.48,939463
RYAAY,2024-01-25,51.7,52.19,51.3,52.0,615643
RYAAY,2024-01-26,51.6,52.14,51.3,52.04,405691
RYAAY,2024-01-29,52.74,53.64,52.62,53.42,1011241
RYAAY,2024-01-30,53.21,54.52,52.9,54.16,748446
RYAAY,2024-01-31,53.22,53.64,52.88,53.44,798497
RYAAY,2024-02-01,53.67,55.38,53.65,54.99,742065
RYAAY,2024-02-02,54.45,55.12,54.03,55.07,864536
RYAAY,2024-02-05,54.21,54.57,53.42,54.53,951012
RYAAY,2024-02-06,54.14,55.28,53.84,55.2,944876
RYAAY,2024-02-07,55.27,56.09,55.06,56.04,1345876
RYAAY,2024-02-08,56.86,57.1,55.47,55.6,1054781
RYAAY,2024-02-09,55.75,56.47,55.22,55.95,722295
RYAAY,2024-02-12,55.48,55.84,55.15,55.44,536856
RYAAY,2024-02-13,55.08,55.5,54.78,54.98,465945
RYAAY,2024-02-14,54.88,55.52,54.67,55.48,554815
RYAAY,2024-02-15,55.93,56.29,55.32,56.26,423523
RYAAY,2024-02-16,55.94,56.03,55.46,55.73,319143
RYAAY,2024-02-20,55.86,56.55,55.33,55.34,436297
RYAAY,2024-02-21,55.77,56.34,55.28,55.51,275279
RYAAY,2024-02-22,56.12,57.09,55.69,56.76,436579
RYAAY,2024-02-23,57.22,57.22,56.22,56.48,458368
RYAAY,2024-02-26,56.49,56.56,55.78,55.87,348111
RYAAY,2024-02-27,56.29,56.49,56.02,56.33,291257
RYAAY,2024-02-28,55.56,55.94,55.07,55.14,252520
RYAAY,2024-02-29,55.09,55.41,54.94,55.3,511394
RYAAY,2024-03-01,54.66,54.85,54.21,54.46,380326
RYAAY,2024-03-04,54.67,55.7,54.62,55.28,360622
RYAAY,2024-03-05,54.96,55.41,54.59,55.02,232108
RYAAY,2024-03-06,55.49,55.97,55.49,55.88,219320
RYAAY,2024-03-07,56.79,56.92,56.23,56.75,229796
RYAAY,2024-03-08,56.93,57.21,56.06,56.68,281435
RYAAY,2024-03-11,56.43,56.67,56.27,56.55,324600
RYAAY,2024-03-12,56.05,56.08,55.11,55.51,405141
RYAAY,2024-03-13,55.29,55.53,54.27,55.53,627888
RYAAY,2024-03-14,54.87,55.13,54.41,54.48,448782
RYAAY,2024-03-15,56.18,56.81,56.06,56.78,466639
RYAAY,2024-03-18,56.5,57.54,56.26,57.52,388614
RYAAY,2024-03-19,57.72,58.11,56.98,57.17,607755
RYAAY,2024-03-20,57.0,58.59,56.87,58.4,209128
RYAAY,2024-03-21,58.2,58.58,57.82,58.44,306453
RYAAY,2024-03-22,57.81,58.35,57.71,58.28,221570
RYAAY,2024-03-25,57.66,58.35,57.54,58.28,350025
RYAAY,2024-03-26,57.96,58.77,57.86,58.67,302157
RYAAY,2024-03-27,58.56,58.74,58.1,58.41,428876
RYAAY,2024-03-28,58.3,58.76,57.91,58.24,290163
RYAAY,2024-04-01,58.24,59.11,58.24,58.6,254758
RYAAY,2024-04-02,57.19,57.5,56.4,57.08,379044
RYAAY,2024-04-03,57.7,58.74,57.7,58.49,425154
RYAAY,2024-04-04,58.79,59.51,57.35,57.67,900966
RYAAY,2024-04-05,57.29,58.64,57.29,58.3,469760
RYAAY,2024-04-08,59.38,60.29,59.09,59.43,369711
RYAAY,2024-04-09,59.56,59.86,58.74,59.23,304715
RYAAY,2024-04-10,59.12,59.68,58.01,58.34,373300
RYAAY,2024-04-11,57.04,58.41,56.9,58.25,285346
RYAAY,2024-04-12,55.2,55.86,54.47,55.72,739499
RYAAY,2024-04-15,56.24,56.51,55.02,55.24,341005
RYAAY,2024-04-16,55.0,55.0,54.26,54.32,320293
RYAAY,2024-04-17,55.7,55.7,54.15,54.54,456844
RYAAY,2024-04-18,56.16,56.16,53.9,54.16,720808
RYAAY,2024-04-19,54.58,55.91,54.58,55.55,418248
RYAAY,2024-04-22,55.76,56.71,55.61,56.31,262271
RYAAY,2024-04-23,56.26,57.48,56.02,57.02,311372
RYAAY,2024-04-24,55.92,56.26,55.2,55.34,296774
RYAAY,2024-04-25,55.12,56.05,54.51,56.0,478566
RYAAY,2024-04-26,55.85,56.04,55.52,55.96,167466
RYAAY,2024-04-29,55.94,56.15,55.64,55.94,154105
RYAAY,2024-04-30,55.38,55.84,54.42,54.48,246349
RYAAY,2024-05-01,54.07,55.14,53.39,54.64,185026
RYAAY,2024-05-02,55.0,56.05,54.86,55.92,205518
RYAAY,2024-05-03,56.07,56.4,55.51,56.12,356740
RYAAY,2024-05-06,55.85,56.76,55.82,56.54,134415
RYAAY,2024-05-07,53.24,54.36,51.1,51.26,1085969
RYAAY,2024-05-08,52.47,53.65,52.47,52.64,754033
RYAAY,2024-05-09,52.64,52.76,51.05,52.07,1055914
RYAAY,2024-05-10,52.23,52.37,51.74,51.74,1341511
RYAAY,2024-05-13,52.11,52.11,51.32,51.42,447006
RYAAY,2024-05-14,51.31,51.63,51.15,51.44,567099
RYAAY,2024-05-15,51.62,51.89,50.98,51.29,603877
RYAAY,2024-05-16,51.47,51.48,50.43,50.57,792950
RYAAY,2024-05-17,50.24,50.65,50.01,50.24,767268
RYAAY,2024-05-20,50.06,50.26,48.85,49.07,1062862
RYAAY,2024-05-21,48.84,49.21,48.12,48.71,1437768
RYAAY,2024-05-22,49.6,50.61,49.11,49.36,1540828
RYAAY,2024-05-23,50.29,51.17,49.83,51.08,1114795
RYAAY,2024-05-24,50.06,50.12,48.68,49.06,874049
RYAAY,2024-05-28,49.17,49.35,48.84,48.98,446818
RYAAY,2024-05-29,47.6,48.3,47.22,48.03,667702
RYAAY,2024-05-30,48.12,48.35,47.71,48.12,638431
RYAAY,2024-05-31,48.29,48.79,48.2,48.66,532272
RYAAY,2024-06-03,49.23,49.66,48.95,49.34,415602
RYAAY,2024-06-04,49.35,50.15,49.16,50.1,513676
RYAAY,2024-06-05,50.0,50.87,49.75,49.99,641223
RYAAY,2024-06-06,49.82,50.13,49.38,49.45,454683
RYAAY,2024-06-07,48.87,49.27,48.58,48.63,379792
RYAAY,2024-06-10,48.03,48.04,47.5,47.84,590380
RYAAY,2024-06-11,47.3,47.52,46.8,47.13,403262
RYAAY,2024-06-12,47.8,48.75,47.77,48.27,477217
RYAAY,2024-06-13,47.72,47.81,47.1,47.39,310119
RYAAY,2024-06-14,46.58,47.1,46.41,46.99,464585
RYAAY,2024-06-17,46.77,47.6,46.65,47.36,236848
RYAAY,2024-06-18,47.07,47.09,46.45,47.09,427939
RYAAY,2024-06-20,45.62,46.32,45.0,45.06,950791
RYAAY,2024-06-21,45.09,45.94,44.74,45.7,682791
RYAAY,2024-06-24,45.86,46.92,45.84,46.38,417032
RYAAY,2024-06-25,46.66,47.44,46.58,47.35,707090
RYAAY,2024-06-26,45.83,46.26,45.47,45.83,698999
RYAAY,2024-06-27,45.74,46.72,45.63,46.67,595681
RYAAY,2024-06-28,46.33,46.87,46.33,46.58,893470
RYAAY,2024-07-01,46.73,46.92,45.49,45.61,628780
RYAAY,2024-07-02,45.62,45.72,45.14,45.39,564984
RYAAY,2024-07-03,46.5,47.29,46.5,47.14,766999
RYAAY,2024-07-05,47.74,47.77,47.11,47.45,799432
RYAAY,2024-07-08,48.18,48.27,47.48,47.62,769445
RYAAY,2024-07-09,48.05,48.13,47.15,47.63,1107447
RYAAY,2024-07-10,48.13,48.21,47.46,47.7,326686
RYAAY,2024-07-11,47.71,48.8,47.48,48.58,578875
RYAAY,2024-07-12,47.58,48.01,46.99,47.79,747398
RYAAY,2024-07-15,47.96,48.02,47.22,47.42,650940
RYAAY,2024-07-16,47.31,48.47,47.2,48.18,578324
RYAAY,2024-07-17,47.84,48.52,47.8,48.07,319485
RYAAY,2024-07-18,47.4,47.51,46.19,46.32,516184
RYAAY,2024-07-19,45.95,46.24,45.66,45.73,1038462
RYAAY,2024-07-22,38.42,39.08,36.96,38.68,4095361
RYAAY,2024-07-23,38.37,38.75,37.87,38.06,1335339
RYAAY,2024-07-24,38.36,38.64,37.92,38.01,1136494
RYAAY,2024-07-25,39.32,40.24,38.3,39.1,1721571
RYAAY,2024-07-26,40.6,41.87,40.26,40.97,2814375
RYAAY,2024-07-29,40.95,41.08,39.85,39.88,1311065
RYAAY,2024-07-30,40.28,41.06,40.2,40.73,750198
RYAAY,2024-07-31,40.71,40.81,39.61,40.52,1727457
RYAAY,2024-08-01,40.02,40.2,39.63,40.0,1275132
RYAAY,2024-08-02,39.47,39.52,39.02,39.5,1369900
RYAAY,2024-08-05,38.64,39.92,38.39,39.39,447532
RYAAY,2024-08-06,39.29,39.89,38.78,38.86,918497
RYAAY,2024-08-07,39.75,39.75,38.95,39.12,512812
RYAAY,2024-08-08,39.0,40.85,38.81,40.85,1117977
RYAAY,2024-08-09,41.24,41.94,41.24,41.64,1091099
RYAAY,2024-08-12,41.63,41.63,40.56,40.61,877825
RYAAY,2024-08-13,41.07,41.56,40.99,41.22,1423139
RYAAY,2024-08-14,41.47,41.55,40.42,40.44,380212
RYAAY,2024-08-15,40.7,41.43,40.7,41.07,528010
RYAAY,2024-08-16,41.09,41.3,40.94,41.06,618019
RYAAY,2024-08-19,41.39,41.39,41.03,41.27,274425
RYAAY,2024-08-20,41.54,41.58,40.91,40.91,470074
RYAAY,2024-08-21,41.24,41.48,40.86,40.9,528113
RYAAY,2024-08-22,41.7,41.82,40.78,40.81,465186
RYAAY,2024-08-23,41.64,42.38,41.43,42.3,546567
RYAAY,2024-08-26,42.28,42.44,41.71,41.72,455302
RYAAY,2024-08-27,44.8,44.81,43.29,43.3,1003426
RYAAY,2024-08-28,43.62,43.94,43.31,43.54,419721
RYAAY,2024-08-29,43.42,44.2,43.42,43.87,348364
RYAAY,2024-08-30,43.82,44.61,43.82,44.58,326485
RYAAY,2024-09-03,44.13,44.71,44.13,44.6,570216
RYAAY,2024-09-04,43.13,43.99,43.03,43.9,511206
RYAAY,2024-09-05,44.29,45.28,44.18,45.2,600714
RYAAY,2024-09-06,44.4,45.0,44.26,44.96,857610
RYAAY,2024-09-09,45.04,45.61,44.78,45.22,675103
RYAAY,2024-09-10,45.06,45.18,44.57,44.95,564093
RYAAY,2024-09-11,44.78,45.45,44.44,44.97,462535
RYAAY,2024-09-12,43.76,43.91,42.6,42.79,1201567
RYAAY,2024-09-13,42.8,43.28,42.13,42.69,1087397
RYAAY,2024-09-16,42.76,42.93,42.53,42.77,444278
RYAAY,2024-09-17,45.05,45.31,44.26,44.44,779544
RYAAY,2024-09-18,44.41,44.94,43.79,44.08,807671
RYAAY,2024-09-19,45.88,46.31,45.3,46.05,879150
RYAAY,2024-09-20,45.63,45.68,45.15,45.5,845045
RYAAY,2024-09-23,45.27,45.38,45.02,45.35,820295
RYAAY,2024-09-24,45.37,45.93,45.31,45.86,579729
RYAAY,2024-09-25,46.12,46.51,45.8,46.41,1155553
RYAAY,2024-09-26,47.27,47.46,46.3,47.08,1090156
RYAAY,2024-09-27,46.84,46.91,45.04,45.07,753395
RYAAY,2024-09-30,45.4,45.66,44.32,45.18,1353437
RYAAY,2024-10-01,45.45,45.69,43.68,44.35,2244887
RYAAY,2024-10-02,43.48,43.48,42.91,43.01,2512985
RYAAY,2024-10-03,42.79,43.88,42.37,42.8,1437570
RYAAY,2024-10-04,43.08,43.77,42.75,43.15,2535437
RYAAY,2024-10-07,43.84,43.87,42.09,42.1,1878815
RYAAY,2024-10-08,43.25,43.43,42.86,43.42,1543775
RYAAY,2024-10-09,43.42,44.58,43.38,43.8,1279676
RYAAY,2024-10-10,43.29,43.83,43.26,43.3,962645
RYAAY,2024-10-11,43.65,44.26,43.29,43.53,1671976
RYAAY,2024-10-14,44.03,44.65,43.81,44.19,1061911
RYAAY,2024-10-15,44.87,45.46,44.39,44.52,1419357
RYAAY,2024-10-16,44.11,44.94,43.82,44.83,1693759
RYAAY,2024-10-17,44.75,45.48,44.6,44.75,1496605
RYAAY,2024-10-18,44.73,45.61,44.28,45.43,1201860
RYAAY,2024-10-21,44.9,45.18,44.63,45.1,902063
RYAAY,2024-10-22,44.92,46.06,44.92,45.61,1385835
RYAAY,2024-10-23,45.55,45.55,44.42,45.21,1097306
RYAAY,2024-10-24,45.42,45.71,44.38,44.59,971585
RYAAY,2024-10-25,44.89,45.23,44.46,45.06,907679
RYAAY,2024-10-28,45.55,45.75,45.11,45.43,974870
RYAAY,2024-10-29,44.34,44.68,44.03,44.62,1497468
RYAAY,2024-10-30,44.15,45.24,44.15,44.88,825431
RYAAY,2024-10-31,44.75,45.15,43.75,44.26,1505539
RYAAY,2024-11-01,44.74,45.98,44.59,45.54,1568292
RYAAY,2024-11-04,45.76,45.78,43.83,44.06,2022739
RYAAY,2024-11-05,45.45,46.9,45.21,46.29,2024120
RYAAY,2024-11-06,46.68,46.68,44.86,45.88,2614894
RYAAY,2024-11-07,46.39,47.41,46.32,47.3,1218677
RYAAY,2024-11-08,46.9,47.09,45.66,45.68,1498575
RYAAY,2024-11-11,46.42,46.8,45.95,46.35,1392226
RYAAY,2024-11-12,45.8,46.16,44.85,45.47,1301085
RYAAY,2024-11-13,45.0,45.12,44.41,44.58,1329135
RYAAY,2024-11-14,45.1,45.37,44.77,45.08,1475063
RYAAY,2024-11-15,45.19,45.19,44.4,44.87,1091264
RYAAY,2024-11-18,44.35,44.81,43.85,44.75,1006369
RYAAY,2024-11-19,44.22,45.08,43.93,45.02,1947356
RYAAY,2024-11-20,44.34,44.53,43.9,43.94,2406520
RYAAY,2024-11-21,43.75,43.82,42.85,42.88,850721
RYAAY,2024-11-22,42.55,43.08,42.47,42.98,1622238
RYAAY,2024-11-25,43.37,44.03,43.37,43.79,1442437
RYAAY,2024-11-26,43.37,43.63,42.68,43.32,1265237
RYAAY,2024-11-27,43.36,43.86,43.17,43.86,780676
RYAAY,2024-11-29,43.76,44.42,43.76,44.04,618725
RYAAY,2024-12-02,43.92,44.39,43.8,44.22,767401
RYAAY,2024-12-03,45.02,45.15,44.36,44.53,972531
RYAAY,2024-12-04,44.53,44.94,44.4,44.41,908833
RYAAY,2024-12-05,45.47,47.41,45.28,46.86,1771108
RYAAY,2024-12-06,46.79,47.0,46.3,46.65,769404
RYAAY,2024-12-09,46.97,47.11,45.9,45.91,874902
RYAAY,2024-12-10,45.99,46.64,45.69,46.27,1192316
RYAAY,2024-12-11,46.36,46.59,45.56,46.0,833909
RYAAY,2024-12-12,46.59,46.78,45.53,45.57,861863
RYAAY,2024-12-13,46.12,46.22,45.07,45.45,1170889
RYAAY,2024-12-16,45.12,45.21,44.62,44.73,744135
RYAAY,2024-12-17,45.26,45.9,44.74,45.43,1249968
RYAAY,2024-12-18,45.43,45.98,43.96,44.12,1177229
RYAAY,2024-12-19,44.66,44.93,44.28,44.49,1264314
RYAAY,2024-12-20,44.51,45.22,44.31,44.7,1085828
RYAAY,2024-12-23,44.66,44.8,43.88,44.06,1143433
RYAAY,2024-12-24,44.4,44.91,44.24,44.25,885177
RYAAY,2024-12-26,44.22,44.32,43.87,43.92,390010
RYAAY,2024-12-27,43.62,44.09,43.62,44.07,661196
RYAAY,2024-12-30,43.74,44.1,43.3,43.94,607744
RYAAY,2024-12-31,43.93,44.16,43.46,43.59,373655
RYAAY,2025-01-02,43.6,43.82,42.83,42.91,578274
RYAAY,2025-01-03,42.84,43.04,42.2,42.75,869625
RYAAY,2025-01-06,42.66,43.32,42.66,43.14,1720302
RYAAY,2025-01-07,43.57,45.91,43.45,44.99,1925122
RYAAY,2025-01-08,44.6,44.86,43.83,44.5,1013561
RYAAY,2025-01-10,43.62,43.77,42.53,42.96,1976161
RYAAY,2025-01-13,41.92,42.07,41.05,41.88,1957822
RYAAY,2025-01-14,42.47,42.71,42.14,42.64,1121272
RYAAY,2025-01-15,42.63,43.36,42.25,42.28,1000688
RYAAY,2025-01-16,42.25,42.28,41.45,41.54,630594
RYAAY,2025-01-17,41.44,41.69,41.23,41.65,1187917
RYAAY,2025-01-21,42.68,43.89,42.6,43.82,1042791
RYAAY,2025-01-22,43.93,44.23,43.5,44.19,1494576
RYAAY,2025-01-23,45.05,46.37,44.68,45.53,1297499
RYAAY,2025-01-24,45.95,46.3,45.09,46.14,985022
RYAAY,2025-01-27,47.26,47.62,46.12,46.22,1851761
RYAAY,2025-01-28,46.45,47.79,46.24,47.42,2022515
RYAAY,2025-01-29,47.21,47.38,46.74,46.79,983482
RYAAY,2025-01-30,47.25,48.34,47.04,48.18,1293900
RYAAY,2025-01-31,47.96,48.14,46.63,46.69,1491619
RYAAY,2025-02-03,46.31,47.29,45.58,46.35,1120235
RYAAY,2025-02-04,47.23,47.49,46.92,47.11,756875
RYAAY,2025-02-05,47.13,47.82,46.67,46.87,1340590
RYAAY,2025-02-06,46.73,47.63,46.72,46.84,1187509
RYAAY,2025-02-07,47.44,47.49,45.97,46.01,1707513
RYAAY,2025-02-10,45.84,46.0,45.14,45.4,1271584
RYAAY,2025-02-11,45.69,45.82,44.99,45.0,906063
RYAAY,2025-02-12,45.47,46.09,45.21,45.65,1941651
RYAAY,2025-02-13,46.29,46.76,45.63,45.65,1949192
RYAAY,2025-02-14,46.18,46.28,45.34,45.34,2039947
RYAAY,2025-02-18,46.22,46.38,45.47,45.51,2196621
RYAAY,2025-02-19,44.75,45.02,44.42,44.59,1405425
RYAAY,2025-02-20,44.65,45.67,44.65,45.53,1430011
RYAAY,2025-02-21,45.7,46.55,45.07,45.16,1276782
RYAAY,2025-02-24,45.5,46.11,45.29,45.31,1869494
RYAAY,2025-02-25,46.08,46.3,45.33,45.6,1344878
RYAAY,2025-02-26,46.97,47.26,46.43,47.21,1638212
RYAAY,2025-02-27,47.02,47.96,46.74,47.76,2667844
RYAAY,2025-02-28,47.73,48.56,47.58,48.53,2629731
RYAAY,2025-03-03,48.19,48.98,48.02,48.28,2520703
RYAAY,2025-03-04,47.01,47.03,45.37,46.57,3093241
RYAAY,2025-03-05,48.38,50.13,48.17,50.08,1472952
RYAAY,2025-03-06,48.92,49.52,47.08,47.79,3016018
RYAAY,2025-03-07,47.59,48.44,45.54,48.34,2215252
RYAAY,2025-03-10,47.28,47.63,45.9,47.15,3048563
RYAAY,2025-03-11,46.6,47.07,45.86,46.92,1840533
RYAAY,2025-03-12,47.31,47.47,46.34,46.43,3172853
RYAAY,2025-03-13,46.53,46.85,46.04,46.4,4379345
RYAAY,2025-03-14,46.89,47.38,46.48,47.3,2171963
RYAAY,2025-03-17,47.53,48.09,47.34,47.81,1700438
RYAAY,2025-03-18,47.8,47.8,47.0,47.1,3991178
RYAAY,2025-03-19,47.0,47.61,46.65,47.23,2846604
RYAAY,2025-03-20,46.72,47.16,46.58,46.86,2351418
RYAAY,2025-03-21,45.8,46.38,45.77,46.18,1095972
RYAAY,2025-03-24,46.97,47.29,45.8,46.12,911398
RYAAY,2025-03-25,46.43,46.74,45.49,45.52,933552
RYAAY,2025-03-26,45.31,45.46,44.81,45.41,752720
RYAAY,2025-03-27,45.71,46.08,45.21,45.25,899783
RYAAY,2025-03-28,44.65,44.85,43.41,43.42,1079876
RYAAY,2025-03-31,42.25,42.61,41.42,42.37,1147634
RYAAY,2025-04-01,42.73,42.94,42.24,42.67,1191072
RYAAY,2025-04-02,42.44,43.38,42.44,43.0,1011797
RYAAY,2025-04-03,42.46,42.64,41.79,41.93,1401491
RYAAY,2025-04-04,41.19,41.57,39.95,40.1,1373216
RYAAY,2025-04-07,39.0,41.48,38.52,39.21,2074723
RYAAY,2025-04-08,42.12,42.45,39.18,39.66,1486671
RYAAY,2025-04-09,41.75,44.67,40.33,43.89,4178714
RYAAY,2025-04-10,43.31,43.56,41.54,42.44,2310243
RYAAY,2025-04-11,43.33,44.34,43.12,44.15,1534572
RYAAY,2025-04-14,44.34,45.0,44.08,44.49,953313
RYAAY,2025-04-15,44.58,45.64,44.53,45.07,714264
RYAAY,2025-04-16,46.03,46.44,44.78,45.18,1722392
RYAAY,2025-04-17,45.81,46.1,45.14,45.68,981087
RYAAY,2025-04-21,45.48,45.49,44.51,44.75,628591
RYAAY,2025-04-22,46.26,46.31,45.59,45.99,1485990
RYAAY,2025-04-23,46.89,47.25,46.03,46.41,1122347
RYAAY,2025-04-24,46.28,46.64,46.07,46.39,963981
RYAAY,2025-04-25,46.39,46.39,45.92,46.28,682533
RYAAY,2025-04-28,46.32,46.49,45.72,46.01,1101243
RYAAY,2025-04-29,47.2,47.64,46.85,47.24,1132466
RYAAY,2025-04-30,47.25,47.93,46.7,47.86,957930
RYAAY,2025-05-01,48.27,48.57,47.86,48.25,1409527
RYAAY,2025-05-02,49.45,50.46,49.39,49.88,788477
RYAAY,2025-05-05,49.66,50.77,49.66,50.36,573384
RYAAY,2025-05-06,50.09,50.71,50.09,50.33,700228
RYAAY,2025-05-07,50.45,50.98,50.42,50.83,952149
RYAAY,2025-05-08,50.7,51.62,50.59,50.78,888324
RYAAY,2025-05-09,50.86,50.86,49.78,49.8,800328
RYAAY,2025-05-12,49.69,50.02,49.4,49.6,1337401
RYAAY,2025-05-13,49.92,50.19,49.56,49.86,1792544
RYAAY,2025-05-14,50.09,50.87,49.9,50.63,2717061
RYAAY,2025-05-15,51.41,51.51,50.31,50.4,1788351
RYAAY,2025-05-16,50.37,50.51,49.92,50.0,2902506
RYAAY,2025-05-19,52.65,54.0,52.53,53.97,4462263
RYAAY,2025-05-20,53.98,54.61,53.5,54.09,4126498
RYAAY,2025-05-21,54.66,55.63,54.45,55.05,2253098
RYAAY,2025-05-22,54.66,55.63,54.45,55.05,3925
RYAAY,2025-05-23,54.79,56.05,54.78,56.03,1494870
RYAAY,2025-05-27,55.83,56.46,55.67,56.39,2429169
RYAAY,2025-05-28,55.9,56.71,55.74,56.62,2257569
RYAAY,2025-05-29,56.94,57.32,55.64,55.97,2775793
RYAAY,2025-05-30,55.1,56.08,54.96,55.6,2228247
RYAAY,2025-06-02,55.89,56.87,55.76,56.75,1349533
RYAAY,2025-06-03,55.93,56.01,55.27,55.31,1329435
RYAAY,2025-06-04,55.5,56.05,55.26,55.5,1299852
RYAAY,2025-06-05,55.66,56.0,55.55,55.87,843069
RYAAY,2025-06-06,56.0,57.21,55.58,57.18,954602
RYAAY,2025-06-09,57.06,57.64,56.74,57.6,1344721
RYAAY,2025-06-10,57.78,58.38,57.26,57.84,1318054
RYAAY,2025-06-11,57.83,57.95,57.22,57.41,1086000
RYAAY,2025-06-12,56.88,56.99,56.3,56.34,1363533
RYAAY,2025-06-13,54.29,56.13,54.17,55.22,1345345
RYAAY,2025-06-16,55.74,56.55,55.46,56.24,742048
RYAAY,2025-06-17,55.67,56.09,54.82,55.05,903377
RYAAY,2025-06-18,55.18,55.72,54.8,55.27,1191124
RYAAY,2025-06-20,55.24,56.35,54.4,54.97,1323267
RYAAY,2025-06-23,53.99,55.07,53.28,54.98,1453036
RYAAY,2025-06-24,56.86,57.37,56.39,57.12,1144896
RYAAY,2025-06-25,57.07,57.27,56.05,56.22,977328
RYAAY,2025-06-26,57.24,57.52,56.52,57.31,1002089
RYAAY,2025-06-27,56.61,57.02,56.11,56.99,1219255
RYAAY,2025-06-30,57.01,57.99,56.93,57.67,1351229
RYAAY,2025-07-01,57.38,57.74,57.07,57.68,888169
RYAAY,2025-07-02,57.36,58.55,56.99,58.27,1004785
RYAAY,2025-07-03,57.91,58.53,57.56,57.8,571596
RYAAY,2025-07-07,58.47,58.8,58.06,58.29,1019737
RYAAY,2025-07-08,58.78,59.36,58.5,58.84,1500961
RYAAY,2025-07-09,58.65,58.86,57.83,57.86,1611827
RYAAY,2025-07-10,58.22,58.53,57.71,58.29,2152068
RYAAY,2025-07-11,58.01,58.6,57.28,57.47,1260200
RYAAY,2025-07-14,57.18,57.49,56.56,57.44,807152
RYAAY,2025-07-15,57.29,57.87,56.91,57.53,1436818
RYAAY,2025-07-16,57.42,58.62,56.73,58.58,1519321
RYAAY,2025-07-17,56.96,58.31,56.9,58.04,1867442
RYAAY,2025-07-18,57.16,57.22,55.96,56.15,2762804
RYAAY,2025-07-21,58.64,60.01,58.14,59.86,2356010
RYAAY,2025-07-22,59.72,61.77,59.48,61.71,3295572
RYAAY,2025-07-23,60.59,62.59,60.5,62.5,2846989
RYAAY,2025-07-24,62.5,62.95,62.14,62.62,2206412
RYAAY,2025-07-25,62.11,63.91,61.67,63.79,3160438
RYAAY,2025-07-28,63.48,63.49,62.11,62.7,1228047
RYAAY,2025-07-29,63.1,63.28,62.55,62.88,1060892
RYAAY,2025-07-30,62.25,62.43,61.69,62.0,801601
RYAAY,2025-07-31,62.67,62.86,61.7,62.27,1140131
RYAAY,2025-08-01,62.04,62.12,60.95,62.12,1366286
RYAAY,2025-08-04,62.95,63.81,62.75,63.77,566545
RYAAY,2025-08-05,63.9,64.06,63.15,63.6,817902
RYAAY,2025-08-06,63.81,64.7,63.36,64.61,1067721
RYAAY,2025-08-07,64.73,64.99,63.87,64.8,1086388
RYAAY,2025-08-08,64.7,65.1,64.32,64.41,758932
RYAAY,2025-08-11,64.28,64.37,63.63,63.67,604943
RYAAY,2025-08-12,64.3,65.7,64.3,65.49,1017816
RYAAY,2025-08-13,65.76,66.04,65.35,65.77,1335987
RYAAY,2025-08-14,65.64,66.25,65.24,65.84,1006883
RYAAY,2025-08-15,65.84,67.18,65.66,66.63,1410261
RYAAY,2025-08-18,66.73,66.78,65.65,65.68,862372
RYAAY,2025-08-19,65.99,66.4,65.7,66.08,1419970
RYAAY,2025-08-20,65.76,65.85,64.97,65.37,850638
RYAAY,2025-08-21,64.91,65.43,64.82,65.13,601371
RYAAY,2025-08-22,65.62,66.75,65.54,66.72,510897
RYAAY,2025-08-25,66.47,66.61,65.43,65.51,1003448
RYAAY,2025-08-26,66.0,66.03,65.5,65.95,769141
RYAAY,2025-08-27,62.9,63.47,62.27,62.68,1770777
RYAAY,2025-08-28,63.31,63.4,62.73,63.28,694226
RYAAY,2025-08-29,62.87,63.54,62.87,63.47,621771
RYAAY,2025-09-02,60.19,61.11,59.81,61.0,1325961
RYAAY,2025-09-03,61.41,62.28,61.41,62.09,746528
RYAAY,2025-09-04,60.76,61.12,60.25,60.29,1179455
RYAAY,2025-09-05,61.28,61.69,60.49,60.51,612387
RYAAY,2025-09-08,60.02,60.55,59.51,59.81,1202125
RYAAY,2025-09-09,60.19,60.2,59.61,59.72,801700
RYAAY,2025-09-10,59.13,59.38,58.5,58.77,887311
RYAAY,2025-09-11,60.11,60.13,59.17,59.82,1219998
RYAAY,2025-09-12,59.14,59.14,58.38,58.68,1049844
RYAAY,2025-09-15,59.0,59.02,58.08,58.12,1419394
RYAAY,2025-09-16,57.94,58.28,57.71,57.81,998731
RYAAY,2025-09-17,58.11,58.2,57.33,57.6,1163349
RYAAY,2025-09-18,56.19,56.96,55.81,56.75,1016229
RYAAY,2025-09-19,56.52,56.52,55.72,55.79,1539880
RYAAY,2025-09-22,55.74,55.8,55.14,55.19,942728
RYAAY,2025-09-23,56.91,57.31,56.46,56.93,1702178
RYAAY,2025-09-24,56.93,57.04,56.5,56.69,1278528
RYAAY,2025-09-25,56.93,57.24,56.57,56.78,1387196
RYAAY,2025-09-26,58.08,58.54,57.75,57.79,1443356
RYAAY,2025-09-29,58.34,58.41,57.64,57.87,1100649
RYAAY,2025-09-30,58.95,60.26,58.64,60.22,1457550
RYAAY,2025-10-01,59.46,59.67,58.98,59.06,1282659
RYAAY,2025-10-02,59.15,60.37,58.99,59.97,750991
RYAAY,2025-10-03,59.84,59.84,59.19,59.5,954009
RYAAY,2025-10-06,59.5,59.91,59.22,59.88,763598
RYAAY,2025-10-07,60.39,60.92,60.18,60.63,788179
RYAAY,2025-10-08,61.0,62.08,60.79,61.96,752382
RYAAY,2025-10-09,61.7,61.7,60.03,60.23,764601
RYAAY,2025-10-10,60.07,60.81,60.01,60.35,591895
RYAAY,2025-10-13,60.38,61.11,60.29,61.02,545184
RYAAY,2025-10-14,60.69,62.19,60.39,61.44,1033142
RYAAY,2025-10-15,61.41,61.47,60.2,60.78,750328
RYAAY,2025-10-16,61.52,62.02,61.22,61.62,625051
RYAAY,2025-10-17,61.68,62.02,61.26,61.98,575463
RYAAY,2025-10-20,61.66,61.96,60.98,61.8,951543
RYAAY,2025-10-21,61.28,61.62,60.86,61.33,591847
RYAAY,2025-10-22,61.4,61.88,61.16,61.33,532737
RYAAY,2025-10-23,61.32,61.34,60.38,60.55,546242
RYAAY,2025-10-24,61.08,62.02,61.08,61.56,464070
RYAAY,2025-10-27,61.89,62.09,61.37,61.62,611179
RYAAY,2025-10-28,62.02,62.26,61.25,61.33,715334
RYAAY,2025-10-29,61.38,61.52,60.81,60.93,916630
RYAAY,2025-10-30,60.78,62.01,60.68,61.55,400286
RYAAY,2025-10-31,62.04,62.62,61.61,62.48,956238
RYAAY,2025-11-03,64.75,65.58,64.01,65.0,1175394
RYAAY,2025-11-04,64.81,64.81,63.58,64.6,1136497
RYAAY,2025-11-05,64.4,64.62,64.01,64.19,1583577
RYAAY,2025-11-06,63.56,64.06,62.81,63.16,881328
RYAAY,2025-11-07,62.75,64.05,62.28,63.81,681373
RYAAY,2025-11-10,64.3,64.73,64.16,64.45,662492
RYAAY,2025-11-11,64.81,65.29,64.5,64.66,431064
RYAAY,2025-11-12,64.73,65.25,64.68,64.93,877138
RYAAY,2025-11-13,65.4,65.85,64.44,64.61,745537
RYAAY,2025-11-14,63.94,64.12,62.9,62.98,948656
RYAAY,2025-11-17,63.03,63.13,61.11,61.34,905819
RYAAY,2025-11-18,60.98,62.21,60.76,61.53,896260
RYAAY,2025-11-19,63.42,63.59,61.73,61.88,1701327
RYAAY,2025-11-20,62.26,62.64,60.57,60.77,1684677
RYAAY,2025-11-21,61.35,62.99,60.91,62.13,769490
RYAAY,2025-11-24,63.0,64.92,63.0,64.9,908968
RYAAY,2025-11-25,65.89,67.71,65.86,67.33,1482680
RYAAY,2025-11-26,66.85,68.68,66.56,68.4,1061385
RYAAY,2025-11-28,67.92,68.26,67.72,68.16,441806
RYAAY,2025-12-01,68.16,68.31,67.18,67.27,847508
RYAAY,2025-12-02,67.21,67.23,65.94,66.15,1214792
RYAAY,2025-12-03,65.91,66.28,65.63,65.69,1049174
RYAAY,2025-12-04,65.72,65.72,64.78,64.97,1339772
RYAAY,2025-12-05,65.23,66.16,65.13,66.1,1274266
RYAAY,2025-12-08,67.19,67.64,65.99,66.11,1216833
RYAAY,2025-12-09,66.36,66.64,65.83,66.19,1205002
RYAAY,2025-12-10,66.14,67.4,66.01,67.3,863223
RYAAY,2025-12-11,68.18,70.44,67.97,70.27,1595191
RYAAY,2025-12-12,70.71,71.53,70.71,71.21,882414
RYAAY,2025-12-15,71.46,71.82,70.95,71.21,677777
RYAAY,2025-12-16,70.92,71.64,70.36,70.54,1220401
RYAAY,2025-12-17,70.48,71.58,70.23,70.52,1193352
RYAAY,2025-12-18,71.0,72.19,70.76,71.75,1053209
RYAAY,2025-12-19,71.75,72.61,71.69,72.5,1532009
RYAAY,2025-12-22,71.53,73.24,71.53,73.11,1725619
RYAAY,2025-12-23,72.28,72.97,72.07,72.79,1377369
RYAAY,2025-12-24,72.82,73.68,72.64,73.5,341522
RYAAY,2025-12-26,73.68,73.92,73.49,73.72,391680
RYAAY,2025-12-29,72.78,72.99,72.44,72.73,962962
RYAAY,2025-12-30,72.86,73.22,72.81,73.02,613794
RYAAY,2025-12-31,72.8,73.04,72.17,72.19,364213
RYAAY,2026-01-02,72.66,73.51,72.32,72.5,749062
RYAAY,2026-01-05,72.64,74.24,72.42,73.82,913450
RYAAY,2026-01-06,72.78,72.93,71.47,71.57,1581969
RYAAY,2026-01-07,71.5,71.89,71.13,71.49,1129743
RYAAY,2026-01-08,71.01,71.63,70.53,70.55,871454
RYAAY,2026-01-09,70.63,70.76,69.43,69.76,1043248
RYAAY,2026-01-12,69.09,69.34,68.71,69.12,969268
RYAAY,2026-01-13,68.9,69.06,67.9,68.01,1075426
RYAAY,2026-01-14,68.49,68.71,67.19,68.0,1825268
RYAAY,2026-01-15,68.88,69.3,68.44,69.0,1317582
RYAAY,2026-01-16,68.57,69.24,68.1,68.28,1295071
RYAAY,2026-01-20,69.64,69.82,68.84,69.5,1633731
RYAAY,2026-01-21,70.48,71.19,69.85,70.45,1223375
RYAAY,2026-01-22,71.33,71.96,70.69,70.92,1311680
RYAAY,2026-01-23,69.56,71.18,69.24,70.97,1210430
RYAAY,2026-01-26,68.73,70.2,68.26,69.0,2502019
RYAAY,2026-01-27,68.87,69.16,67.41,68.0,2803226
RYAAY,2026-01-28,69.48,69.6,68.46,68.7,1904296
RYAAY,2026-01-29,68.76,70.6,68.39,70.49,1314575
RYAAY,2026-01-30,70.5,71.36,70.03,70.6,1683878
RYAAY,2026-02-02,70.68,72.56,70.66,72.07,1209212
RYAAY,2026-02-03,70.74,71.34,70.33,70.77,1272863
RYAAY,2026-02-04,70.98,71.24,70.14,71.13,723985
RYAAY,2026-02-05,70.31,70.53,67.24,67.55,1579365
RYAAY,2026-02-06,67.95,68.75,67.42,68.61,1097124
RYAAY,2026-02-09,69.58,70.71,69.11,69.52,1274830
RYAAY,2026-02-10,68.54,68.69,67.0,67.08,1201084
RYAAY,2026-02-11,67.13,67.27,64.61,65.06,1116737
RYAAY,2026-02-12,65.75,66.08,64.91,65.09,1728617
RYAAY,2026-02-13,66.29,66.66,65.0,65.49,2886115
RYAAY,2026-02-17,67.0,67.42,66.42,66.68,2584209
RYAAY,2026-02-18,65.49,66.78,65.27,66.0,1253563
RYAAY,2026-02-19,65.04,65.09,63.83,64.15,981516
RYAAY,2026-02-20,64.63,65.1,64.33,64.47,1226982
RYAAY,2026-02-23,65.32,65.64,64.15,64.61,1027464
RYAAY,2026-02-24,64.41,65.65,64.05,65.58,1117742
RYAAY,2026-02-25,65.94,67.35,65.75,67.19,1319349
RYAAY,2026-02-26,67.89,69.78,67.89,69.63,1619599
RYAAY,2026-02-27,67.58,68.35,66.9,67.49,1736937
RYAAY,2026-03-02,65.67,66.77,64.9,65.3,1955303
RYAAY,2026-03-03,62.75,64.67,62.41,63.99,2015007
RYAAY,2026-03-04,65.6,65.6,64.44,65.12,1925592
RYAAY,2026-03-05,62.32,63.27,61.74,61.85,1916441
RYAAY,2026-03-06,61.35,63.66,61.08,63.58,1589393
RYAAY,2026-03-09,61.75,63.25,60.55,63.05,1611497
RYAAY,2026-03-10,63.74,65.31,62.9,63.89,1507299
RYAAY,2026-03-11,63.59,64.2,63.17,63.94,792592
RYAAY,2026-03-12,62.13,63.29,61.39,61.47,1451376
RYAAY,2026-03-13,61.38,61.87,61.11,61.29,1611144
RYAAY,2026-03-16,61.7,62.22,61.36,62.14,869788
RYAAY,2026-03-17,61.47,62.23,61.11,61.55,2467630
RYAAY,2026-03-18,61.52,61.89,59.76,59.8,1608810
RYAAY,2026-03-19,59.2,60.07,59.05,59.5,1728633
RYAAY,2026-03-20,58.93,59.07,57.61,57.63,1797604
RYAAY,2026-03-23,60.22,60.83,59.22,59.3,1641310
RYAAY,2026-03-24,58.68,60.21,58.5,60.16,1095223
RYAAY,2026-03-25,61.21,61.81,60.87,61.37,990075
RYAAY,2026-03-26,60.67,61.57,60.48,60.69,805038
RYAAY,2026-03-27,60.42,60.59,58.45,58.48,1324075
RYAAY,2026-03-30,58.0,58.27,55.82,55.89,3667314
RYAAY,2026-03-31,57.83,58.51,56.52,57.8,2660095
RYAAY,2026-04-01,59.0,60.46,58.61,60.02,1380908
RYAAY,2026-04-02,58.04,59.2,57.5,58.74,2552291
RYAAY,2026-04-06,58.62,58.95,58.1,58.67,625819
RYAAY,2026-04-07,58.17,58.52,57.51,58.29,918653
RYAAY,2026-04-08,65.77,66.39,64.06,64.2,1989609
RYAAY,2026-04-09,62.57,64.0,61.69,63.54,1642117
RYAAY,2026-04-10,63.76,63.93,62.32,62.36,713152
RYAAY,2026-04-13,61.32,62.43,60.98,62.14,1239660
RYAAY,2026-04-14,62.44,63.44,62.37,62.55,771666
RYAAY,2026-04-15,62.0,62.42,61.58,61.97,1220287
RYAAY,2026-04-16,59.58,60.1,57.34,57.38,1764997
RYAAY,2026-04-17,61.1,63.96,61.1,62.03,1917506
