THYAO,2021-04-21,11.23,11.23,10.72,10.9,53478815
THYAO,2021-04-22,10.86,11.27,10.72,11.27,55932157
THYAO,2021-04-26,11.31,11.82,11.27,11.73,95504271
THYAO,2021-04-27,11.69,12.16,11.57,11.93,96853375
THYAO,2021-04-28,11.93,12.09,11.85,12.01,56094929
THYAO,2021-04-29,12.05,12.07,11.89,11.98,31262763
THYAO,2021-04-30,11.96,12.33,11.95,12.23,77606295
THYAO,2021-05-03,12.33,12.95,12.3,12.92,99132973
THYAO,2021-05-04,13.08,13.09,12.62,12.62,103271085
THYAO,2021-05-05,12.68,12.71,12.45,12.6,58791952
THYAO,2021-05-06,12.63,12.97,12.6,12.93,90632137
THYAO,2021-05-07,13.0,13.05,12.81,12.99,50398132
THYAO,2021-05-10,13.16,13.39,13.14,13.37,92208091
THYAO,2021-05-11,13.16,13.49,13.15,13.35,76076922
THYAO,2021-05-12,13.34,13.43,13.07,13.39,55112831
THYAO,2021-05-17,13.54,13.56,13.35,13.36,55336345
THYAO,2021-05-18,13.33,13.44,13.14,13.35,77510704
THYAO,2021-05-20,13.27,13.71,13.25,13.58,113050879
THYAO,2021-05-21,13.67,13.7,13.46,13.49,52757367
THYAO,2021-05-24,13.56,13.62,13.46,13.47,40739844
THYAO,2021-05-25,13.52,13.55,12.9,12.9,71896025
THYAO,2021-05-26,13.06,13.17,12.72,13.05,87258248
THYAO,2021-05-27,13.05,13.48,13.02,13.05,170242128
THYAO,2021-05-28,13.06,13.13,12.78,12.98,86101770
THYAO,2021-05-31,13.06,13.38,13.06,13.32,119646255
THYAO,2021-06-01,13.3,13.53,13.1,13.49,96202188
THYAO,2021-06-02,13.38,13.77,13.36,13.65,111958445
THYAO,2021-06-03,13.68,14.09,13.61,13.99,183794740
THYAO,2021-06-04,14.0,14.09,13.86,14.04,112283118
THYAO,2021-06-07,14.19,14.37,14.15,14.28,94776157
THYAO,2021-06-08,14.28,14.5,14.18,14.48,84591280
THYAO,2021-06-09,14.5,14.68,14.37,14.56,121945024
THYAO,2021-06-10,14.6,14.65,14.39,14.43,85856532
THYAO,2021-06-11,14.47,14.65,14.41,14.59,108072568
THYAO,2021-06-14,14.65,14.84,14.54,14.62,113291395
THYAO,2021-06-15,14.71,14.74,14.39,14.49,82350133
THYAO,2021-06-16,14.51,14.68,14.31,14.32,99719097
THYAO,2021-06-17,14.3,14.78,14.28,14.66,135325908
THYAO,2021-06-18,14.69,14.77,14.38,14.54,103523663
THYAO,2021-06-21,14.62,14.65,14.43,14.59,101273521
THYAO,2021-06-22,14.66,14.92,14.64,14.76,112598201
THYAO,2021-06-23,14.81,14.85,14.5,14.56,86598322
THYAO,2021-06-24,14.64,14.65,14.5,14.61,69006382
THYAO,2021-06-25,14.63,14.63,14.28,14.28,53755640
THYAO,2021-06-28,14.3,14.39,13.79,13.86,70742415
THYAO,2021-06-29,13.77,13.8,13.28,13.39,88067148
THYAO,2021-06-30,13.5,13.56,13.31,13.37,72427976
THYAO,2021-07-01,13.41,13.75,13.37,13.75,95675692
THYAO,2021-07-02,13.74,13.85,13.63,13.74,102222132
THYAO,2021-07-05,13.75,14.14,13.73,14.12,86288171
THYAO,2021-07-06,14.13,14.19,13.87,13.88,58866520
THYAO,2021-07-07,13.9,13.98,13.75,13.85,58222072
THYAO,2021-07-08,13.82,13.87,13.61,13.66,55766294
THYAO,2021-07-09,13.69,13.73,13.52,13.57,55532983
THYAO,2021-07-12,13.61,13.64,13.24,13.24,68014647
THYAO,2021-07-13,13.26,13.31,13.03,13.1,45634250
THYAO,2021-07-14,13.14,13.27,13.08,13.08,46458147
THYAO,2021-07-16,13.12,13.21,13.01,13.08,44605834
THYAO,2021-07-19,12.97,12.98,12.73,12.73,17670594
THYAO,2021-07-26,12.74,12.78,12.3,12.31,51258820
THYAO,2021-07-27,12.31,12.6,12.24,12.55,90420698
THYAO,2021-07-28,12.57,12.66,12.45,12.56,53733465
THYAO,2021-07-29,12.65,12.91,12.63,12.78,49541199
THYAO,2021-07-30,12.7,12.84,12.65,12.73,38063021
THYAO,2021-08-02,12.78,12.99,12.7,12.87,45620690
THYAO,2021-08-03,12.86,12.94,12.62,12.63,53221050
THYAO,2021-08-04,12.67,12.78,12.61,12.63,62213130
THYAO,2021-08-05,12.56,12.8,12.5,12.76,51440621
THYAO,2021-08-06,12.79,12.96,12.73,12.83,65074633
THYAO,2021-08-09,12.84,12.95,12.78,12.79,55595330
THYAO,2021-08-10,12.82,12.87,12.61,12.63,52296398
THYAO,2021-08-11,12.53,12.64,12.16,12.21,74847273
THYAO,2021-08-12,12.3,12.47,12.26,12.43,51074677
THYAO,2021-08-13,12.45,12.47,12.36,12.42,43881054
THYAO,2021-08-16,12.5,12.69,12.5,12.61,70306219
THYAO,2021-08-17,12.54,12.57,12.4,12.44,43832603
THYAO,2021-08-18,12.48,12.54,12.2,12.2,63486461
THYAO,2021-08-19,12.16,12.31,12.1,12.19,50891284
THYAO,2021-08-20,12.2,12.27,12.14,12.26,39058388
THYAO,2021-08-23,12.39,12.53,12.39,12.49,69523912
THYAO,2021-08-24,12.55,12.85,12.53,12.81,115259132
THYAO,2021-08-25,12.79,12.95,12.47,12.5,133481635
THYAO,2021-08-26,12.7,12.9,12.61,12.79,130016212
THYAO,2021-08-27,12.75,12.75,12.53,12.68,64421920
THYAO,2021-08-31,12.72,12.78,12.64,12.68,53636208
THYAO,2021-09-01,12.73,12.98,12.73,12.9,89007860
THYAO,2021-09-02,12.92,12.93,12.8,12.9,54512227
THYAO,2021-09-03,12.95,13.09,12.82,12.88,92161781
THYAO,2021-09-06,12.91,12.99,12.85,12.95,53633696
THYAO,2021-09-07,12.94,13.09,12.65,12.65,103219177
THYAO,2021-09-08,12.68,12.69,12.36,12.42,69203476
THYAO,2021-09-09,12.45,12.63,12.37,12.63,63636589
THYAO,2021-09-10,12.68,12.71,12.4,12.41,49311149
THYAO,2021-09-13,12.43,12.5,12.36,12.43,38881204
THYAO,2021-09-14,12.48,12.54,12.4,12.44,65375501
THYAO,2021-09-15,12.4,12.42,12.17,12.26,50022705
THYAO,2021-09-16,12.3,12.47,12.27,12.47,71541980
THYAO,2021-09-17,12.53,12.8,12.51,12.72,126749273
THYAO,2021-09-20,12.6,12.91,12.55,12.81,118328969
THYAO,2021-09-21,12.9,13.1,12.81,13.05,134319994
THYAO,2021-09-22,13.1,13.19,12.98,13.19,93716506
THYAO,2021-09-23,13.2,13.37,13.09,13.33,92839027
THYAO,2021-09-24,13.29,13.63,13.27,13.62,71721378
THYAO,2021-09-27,13.69,13.77,13.44,13.53,89362029
THYAO,2021-09-28,13.53,13.89,13.52,13.78,109992789
THYAO,2021-09-29,13.83,13.87,13.65,13.78,86075020
THYAO,2021-09-30,13.83,14.09,13.78,13.95,76409871
THYAO,2021-10-01,13.92,14.12,13.84,14.05,97542462
THYAO,2021-10-04,14.11,14.18,13.87,13.87,74809181
THYAO,2021-10-05,13.83,14.09,13.8,14.04,84235163
THYAO,2021-10-06,14.02,14.06,13.61,13.71,67415705
THYAO,2021-10-07,13.81,14.12,13.8,14.12,67668536
THYAO,2021-10-08,14.18,14.28,14.08,14.09,64985391
THYAO,2021-10-11,14.15,14.31,14.09,14.2,37854961
THYAO,2021-10-12,14.11,14.27,13.92,14.0,84977064
THYAO,2021-10-13,14.29,14.45,14.18,14.26,102408453
THYAO,2021-10-14,14.26,14.44,14.18,14.3,61588784
THYAO,2021-10-15,14.33,14.65,14.23,14.64,92148022
THYAO,2021-10-18,14.66,14.68,14.31,14.57,71777645
THYAO,2021-10-19,14.59,14.61,14.31,14.32,79942830
THYAO,2021-10-20,14.34,14.56,13.78,13.8,179373133
THYAO,2021-10-21,13.93,14.0,13.65,13.97,104907649
THYAO,2021-10-22,14.01,14.17,13.97,14.14,81705323
THYAO,2021-10-25,14.01,14.29,13.99,14.28,75085394
THYAO,2021-10-26,14.32,14.75,14.32,14.7,95052719
THYAO,2021-10-27,14.71,14.91,14.61,14.85,100470372
THYAO,2021-10-28,14.8,14.98,14.74,14.97,25935879
THYAO,2021-11-01,14.98,15.4,14.98,15.28,77646692
THYAO,2021-11-02,15.32,15.49,15.17,15.49,86716520
THYAO,2021-11-03,15.44,15.6,14.92,15.58,145824969
THYAO,2021-11-04,16.13,16.99,16.0,16.97,205042533
THYAO,2021-11-05,16.85,17.9,16.81,17.65,220289421
THYAO,2021-11-08,17.81,18.2,17.56,18.05,173114727
THYAO,2021-11-09,18.08,18.37,17.88,18.16,163597493
THYAO,2021-11-10,18.19,18.3,18.02,18.13,101855749
THYAO,2021-11-11,18.1,18.3,17.71,17.72,108707676
THYAO,2021-11-12,17.82,18.04,17.63,17.82,82572266
THYAO,2021-11-15,17.83,18.3,17.47,17.61,202411264
THYAO,2021-11-16,17.63,17.8,17.52,17.66,102890120
THYAO,2021-11-17,17.68,18.04,17.66,17.99,75615923
THYAO,2021-11-18,18.02,18.27,17.62,18.0,104139179
THYAO,2021-11-19,18.15,18.2,17.06,17.09,162553427
THYAO,2021-11-22,17.19,17.66,17.14,17.63,148782796
THYAO,2021-11-23,17.6,18.79,17.38,18.72,152209934
THYAO,2021-11-24,19.1,19.46,18.77,18.97,174965138
THYAO,2021-11-25,18.99,19.09,18.7,18.78,71106786
THYAO,2021-11-26,17.97,18.0,16.91,16.99,200728655
THYAO,2021-11-29,16.99,17.46,16.43,17.32,180958754
THYAO,2021-11-30,17.0,17.44,16.85,17.22,111917570
THYAO,2021-12-01,17.45,18.81,17.41,18.41,190881208
THYAO,2021-12-02,18.41,18.66,18.04,18.25,121398696
THYAO,2021-12-03,18.86,19.35,18.5,18.53,185039874
THYAO,2021-12-06,18.7,18.8,18.38,18.69,96347342
THYAO,2021-12-07,19.34,19.47,19.13,19.2,102908092
THYAO,2021-12-08,19.3,20.62,19.3,20.38,251748495
THYAO,2021-12-09,20.62,22.4,20.42,22.0,233237867
THYAO,2021-12-10,22.56,23.12,21.9,22.24,237428412
THYAO,2021-12-13,22.26,22.98,21.88,22.64,140080140
THYAO,2021-12-14,22.8,23.12,22.36,22.58,113878269
THYAO,2021-12-15,22.74,24.36,22.64,23.48,211139797
THYAO,2021-12-16,23.82,25.12,23.32,25.12,151817462
THYAO,2021-12-17,25.62,26.66,22.62,22.62,193190400
THYAO,2021-12-20,21.24,23.48,20.36,22.14,108173898
THYAO,2021-12-21,22.54,23.48,19.93,19.93,81910566
THYAO,2021-12-22,19.8,20.56,18.5,18.88,123793952
THYAO,2021-12-23,19.5,19.62,18.05,19.21,98045462
THYAO,2021-12-24,19.3,21.12,19.12,21.12,96687219
THYAO,2021-12-27,21.04,21.72,20.54,20.78,107676230
THYAO,2021-12-28,20.86,21.14,19.88,20.48,63468592
THYAO,2021-12-29,20.08,21.66,19.76,21.08,79161134
THYAO,2021-12-30,21.42,21.5,20.02,20.14,78655206
THYAO,2021-12-31,20.3,20.98,19.74,20.02,64484158
THYAO,2022-01-03,20.18,21.88,19.83,21.84,95392160
THYAO,2022-01-04,21.9,23.42,21.76,22.8,139700845
THYAO,2022-01-05,22.1,24.12,22.1,23.9,124793460
THYAO,2022-01-06,23.62,25.36,23.62,24.86,145559800
THYAO,2022-01-07,25.24,25.58,24.02,24.94,117635270
THYAO,2022-01-10,25.38,27.38,25.02,26.7,166191051
THYAO,2022-01-11,27.3,27.68,26.22,26.9,177252137
THYAO,2022-01-12,27.38,27.42,26.78,26.88,104750771
THYAO,2022-01-13,26.8,28.94,26.78,28.78,176333677
THYAO,2022-01-14,28.8,29.3,27.88,28.22,147006146
THYAO,2022-01-17,28.44,28.72,28.12,28.28,97173460
THYAO,2022-01-18,28.28,28.56,26.88,26.88,113983246
THYAO,2022-01-19,26.5,27.62,26.14,27.4,162000622
THYAO,2022-01-20,27.96,28.66,27.32,28.1,168388097
THYAO,2022-01-21,28.2,28.34,26.9,27.5,114612119
THYAO,2022-01-24,27.14,28.16,25.86,26.02,205639936
THYAO,2022-01-25,26.42,26.62,25.28,26.12,152376970
THYAO,2022-01-26,26.2,27.9,26.2,27.22,152714264
THYAO,2022-01-27,26.86,28.78,26.72,28.64,208306053
THYAO,2022-01-28,28.76,29.44,28.0,28.16,152191805
THYAO,2022-01-31,28.72,29.06,28.24,28.72,109830273
THYAO,2022-02-01,29.04,29.2,28.18,28.32,77844485
THYAO,2022-02-02,28.42,28.72,27.66,27.8,83815286
THYAO,2022-02-03,27.78,28.38,26.88,27.02,107724892
THYAO,2022-02-04,27.18,27.32,26.6,26.66,92538056
THYAO,2022-02-07,26.7,28.26,26.18,28.26,149073076
THYAO,2022-02-08,28.24,29.06,27.92,28.78,154126825
THYAO,2022-02-09,28.98,30.02,28.8,29.84,157891224
THYAO,2022-02-10,29.9,30.02,29.38,29.8,119101627
THYAO,2022-02-11,29.58,30.48,28.3,29.62,269663095
THYAO,2022-02-14,28.96,29.44,28.12,28.6,221304283
THYAO,2022-02-15,28.74,30.02,28.54,29.96,226724219
THYAO,2022-02-16,30.08,30.22,29.52,29.6,133323031
THYAO,2022-02-17,29.7,30.44,28.62,28.74,232337911
THYAO,2022-02-18,29.24,29.6,28.64,29.4,133787733
THYAO,2022-02-21,29.9,30.04,28.92,29.44,177077000
THYAO,2022-02-22,28.58,29.18,28.28,28.88,140227591
THYAO,2022-02-23,29.08,29.18,28.08,28.08,108544470
THYAO,2022-02-24,25.3,25.9,25.28,25.28,58637916
THYAO,2022-02-25,25.16,27.54,23.92,27.3,255281231
THYAO,2022-02-28,26.44,27.14,25.44,25.62,179216796
THYAO,2022-03-01,26.42,26.68,24.7,25.26,183981149
THYAO,2022-03-02,25.26,26.2,25.0,25.98,193446618
THYAO,2022-03-03,26.26,26.5,25.76,25.94,135266563
THYAO,2022-03-04,25.66,25.88,25.16,25.3,80697806
THYAO,2022-03-07,24.9,26.08,24.5,25.9,153503367
THYAO,2022-03-08,25.52,26.28,25.28,25.3,188530736
THYAO,2022-03-09,25.9,26.48,25.8,26.14,215513458
THYAO,2022-03-10,26.54,26.8,25.68,25.74,139759899
THYAO,2022-03-11,25.72,26.94,25.62,26.42,255068266
THYAO,2022-03-14,26.6,26.92,26.48,26.62,111046875
THYAO,2022-03-15,26.68,27.96,26.34,27.66,188091261
THYAO,2022-03-16,27.84,28.26,27.58,27.7,145127915
THYAO,2022-03-17,28.0,28.12,27.74,27.86,92332176
THYAO,2022-03-18,27.88,28.32,27.64,27.72,103196877
THYAO,2022-03-21,27.9,28.1,27.76,27.92,76644734
THYAO,2022-03-22,27.92,28.64,27.88,28.52,134642182
THYAO,2022-03-23,28.64,28.74,28.1,28.1,84446651
THYAO,2022-03-24,28.22,28.5,27.92,28.12,78151910
THYAO,2022-03-25,28.3,28.4,27.98,28.16,59122205
THYAO,2022-03-28,28.46,29.24,28.46,29.06,141675547
THYAO,2022-03-29,29.38,31.8,29.26,31.64,233339298
THYAO,2022-03-30,31.62,32.26,31.18,32.18,167451169
THYAO,2022-03-31,32.34,32.88,32.0,32.26,144597828
THYAO,2022-04-01,32.48,33.22,32.36,32.78,100110679
THYAO,2022-04-04,32.88,33.48,32.74,33.46,99340125
THYAO,2022-04-05,33.76,35.26,33.6,34.5,178292868
THYAO,2022-04-06,35.0,35.08,34.26,34.62,133058016
THYAO,2022-04-07,34.88,35.64,34.38,35.62,114955493
THYAO,2022-04-08,35.8,35.84,34.96,35.32,96532123
THYAO,2022-04-11,35.36,36.96,35.14,36.16,166140161
THYAO,2022-04-12,36.26,37.5,36.12,37.24,158505462
THYAO,2022-04-13,37.5,37.54,36.28,36.98,114089899
THYAO,2022-04-14,37.7,38.14,36.82,37.36,134077474
THYAO,2022-04-15,37.36,37.96,37.24,37.74,64159672
THYAO,2022-04-18,37.98,38.06,37.5,37.64,63830395
THYAO,2022-04-19,37.82,38.76,37.48,38.76,126211486
THYAO,2022-04-20,38.82,39.58,38.56,38.86,105396234
THYAO,2022-04-21,38.88,40.24,38.62,40.18,124589267
THYAO,2022-04-22,40.02,41.44,39.28,39.74,189178045
THYAO,2022-04-25,39.7,40.06,38.86,39.6,125186469
THYAO,2022-04-26,40.02,41.24,38.64,39.1,179027932
THYAO,2022-04-27,39.36,40.52,38.44,40.5,148546928
THYAO,2022-04-28,41.5,41.78,40.38,40.5,163153022
THYAO,2022-04-29,40.78,41.62,40.3,41.26,133329765
THYAO,2022-05-05,41.98,42.82,41.82,42.68,78066428
THYAO,2022-05-06,42.46,42.78,41.86,42.38,82857898
THYAO,2022-05-09,42.4,43.2,42.24,42.3,83540199
THYAO,2022-05-10,42.74,42.88,42.56,42.7,12224861
THYAO,2022-05-11,42.3,42.82,41.58,42.2,85463124
THYAO,2022-05-12,41.74,42.1,40.48,41.86,133993046
THYAO,2022-05-13,42.76,42.82,41.86,42.48,91223487
THYAO,2022-05-16,42.48,43.3,42.3,42.72,114672329
THYAO,2022-05-17,42.98,43.08,41.96,42.08,94996017
THYAO,2022-05-18,42.08,42.6,41.48,42.4,116550426
THYAO,2022-05-20,42.28,43.04,42.26,42.86,65503006
THYAO,2022-05-23,43.06,43.2,42.6,42.96,83693550
THYAO,2022-05-24,43.1,43.2,42.1,42.16,73428441
THYAO,2022-05-25,42.3,42.68,41.68,42.66,81016326
THYAO,2022-05-26,42.68,44.56,42.58,44.46,139728152
THYAO,2022-05-27,44.46,45.36,44.24,45.02,109464172
THYAO,2022-05-30,45.78,49.52,45.72,49.52,122233333
THYAO,2022-05-31,50.7,51.0,48.78,49.9,187987677
THYAO,2022-06-01,49.76,51.1,49.26,49.26,81121880
THYAO,2022-06-02,49.48,50.35,49.14,49.6,83598087
THYAO,2022-06-03,49.88,49.88,47.92,47.98,83285401
THYAO,2022-06-06,48.18,48.8,47.42,47.86,105292710
THYAO,2022-06-07,48.04,49.2,47.54,48.46,138210969
THYAO,2022-06-08,50.1,50.35,46.28,46.72,139605770
THYAO,2022-06-09,46.74,48.4,45.52,48.34,187534972
THYAO,2022-06-10,47.9,48.66,46.7,46.7,127376011
THYAO,2022-06-13,46.5,47.7,46.22,47.0,122246200
THYAO,2022-06-14,47.3,47.8,46.6,46.86,97528095
THYAO,2022-06-15,46.98,48.96,46.66,48.44,123233594
THYAO,2022-06-16,48.4,48.76,46.9,47.34,109612469
THYAO,2022-06-17,47.48,48.18,47.16,48.18,94259990
THYAO,2022-06-20,49.14,51.0,48.72,50.85,149379221
THYAO,2022-06-21,50.95,52.35,50.25,51.9,88236487
THYAO,2022-06-22,51.55,52.9,51.25,52.05,100981096
THYAO,2022-06-23,52.05,52.35,50.55,50.55,64744082
THYAO,2022-06-24,51.0,51.45,48.96,50.25,119022605
THYAO,2022-06-27,49.1,50.5,49.08,49.8,93449295
THYAO,2022-06-28,49.86,49.98,48.04,48.04,123077196
THYAO,2022-06-29,48.06,48.46,46.18,46.18,106182179
THYAO,2022-06-30,45.94,47.24,45.56,46.8,113324471
THYAO,2022-07-01,47.22,49.46,46.82,49.3,113167005
THYAO,2022-07-04,49.68,49.8,47.62,47.68,61893681
THYAO,2022-07-05,47.8,48.16,46.5,47.0,94256925
THYAO,2022-07-06,47.34,48.94,47.1,48.42,120911093
THYAO,2022-07-07,48.52,49.36,48.14,49.2,78805450
THYAO,2022-07-08,49.06,49.64,48.92,49.54,27645563
THYAO,2022-07-13,50.3,51.0,48.52,49.2,71590341
THYAO,2022-07-14,49.12,49.6,47.7,47.94,124089415
THYAO,2022-07-18,49.0,49.98,48.38,49.98,89994968
THYAO,2022-07-19,49.76,51.3,49.58,51.1,92868817
THYAO,2022-07-20,51.25,51.75,50.25,51.35,89483225
THYAO,2022-07-21,51.4,52.1,51.05,51.6,86215479
THYAO,2022-07-22,51.75,52.0,49.2,50.05,72541288
THYAO,2022-07-25,50.05,50.45,49.44,49.54,80665374
THYAO,2022-07-26,49.74,50.3,48.86,49.0,83089797
THYAO,2022-07-27,49.26,50.1,49.16,49.7,75810780
THYAO,2022-07-28,50.25,50.75,49.46,49.7,68121659
THYAO,2022-07-29,49.8,50.5,49.52,50.4,62805858
THYAO,2022-08-01,50.75,51.6,50.65,51.5,71659508
THYAO,2022-08-02,51.8,53.2,51.65,52.35,137217705
THYAO,2022-08-03,52.95,55.0,52.8,55.0,133031485
THYAO,2022-08-04,55.7,56.35,55.1,55.3,108646850
THYAO,2022-08-05,55.65,58.4,55.2,58.2,99647394
THYAO,2022-08-08,58.4,59.0,57.6,58.75,87925247
THYAO,2022-08-09,58.75,59.65,57.9,58.6,102076610
THYAO,2022-08-10,58.8,60.35,58.6,60.15,92599249
THYAO,2022-08-11,61.9,62.45,60.1,61.4,136866004
THYAO,2022-08-12,61.85,63.35,61.25,62.4,101328664
THYAO,2022-08-15,62.6,63.65,62.1,63.6,84075886
THYAO,2022-08-16,63.7,68.05,61.7,67.85,144211535
THYAO,2022-08-17,68.0,69.1,66.0,68.7,140910417
THYAO,2022-08-18,68.8,70.05,66.8,69.65,99352988
THYAO,2022-08-19,69.55,70.2,68.15,68.5,78852077
THYAO,2022-08-22,68.5,69.35,67.5,67.75,76273653
THYAO,2022-08-23,67.8,69.05,67.0,67.8,77832215
THYAO,2022-08-24,68.2,71.7,68.1,68.65,158320953
THYAO,2022-08-25,69.3,71.0,68.8,70.3,100888883
THYAO,2022-08-26,70.9,71.15,67.4,69.7,93635673
THYAO,2022-08-29,69.4,70.85,68.5,70.45,86908068
THYAO,2022-08-31,71.0,73.4,70.7,73.1,105936916
THYAO,2022-09-01,73.1,73.1,70.5,71.1,96247618
THYAO,2022-09-02,71.6,72.45,71.05,71.8,67262251
THYAO,2022-09-05,73.1,76.25,72.4,75.15,134484397
THYAO,2022-09-06,75.7,75.75,72.6,73.65,84318967
THYAO,2022-09-07,73.95,76.1,73.15,74.7,114680580
THYAO,2022-09-08,75.9,76.05,72.2,73.0,126693505
THYAO,2022-09-09,73.5,75.0,72.25,73.4,89194028
THYAO,2022-09-12,73.9,75.55,73.15,74.95,95085380
THYAO,2022-09-13,75.6,78.6,71.1,71.1,140870201
THYAO,2022-09-14,71.1,74.3,69.4,74.3,83172006
THYAO,2022-09-15,74.55,76.5,73.65,74.15,89923947
THYAO,2022-09-16,74.45,75.35,73.8,73.95,52338296
THYAO,2022-09-19,74.4,74.55,68.75,68.75,43864913
THYAO,2022-09-20,69.95,72.45,68.0,72.45,68398523
THYAO,2022-09-21,71.8,72.35,68.5,69.75,71619738
THYAO,2022-09-22,69.95,72.15,69.15,71.3,67209253
THYAO,2022-09-23,71.55,73.05,70.5,70.85,69697068
THYAO,2022-09-26,70.75,71.15,68.25,69.4,50013000
THYAO,2022-09-27,69.95,72.15,69.55,71.0,68834076
THYAO,2022-09-28,70.7,71.2,68.9,68.95,43766105
THYAO,2022-09-29,69.45,70.55,65.05,68.6,64316284
THYAO,2022-09-30,68.65,70.6,67.9,70.6,49906065
THYAO,2022-10-03,71.5,77.65,71.3,77.65,92281634
THYAO,2022-10-04,79.3,81.45,78.2,80.8,105490442
THYAO,2022-10-05,81.6,84.9,81.0,84.8,105455574
THYAO,2022-10-06,84.95,85.15,83.4,84.7,71999244
THYAO,2022-10-07,85.1,86.55,83.6,84.2,68721301
THYAO,2022-10-10,84.5,86.45,84.3,86.15,74555942
THYAO,2022-10-11,86.3,86.5,84.5,84.5,60427732
THYAO,2022-10-12,84.6,86.05,83.85,85.1,77791043
THYAO,2022-10-13,85.6,88.3,85.4,88.0,93869664
THYAO,2022-10-14,90.2,90.45,88.65,90.0,61841932
THYAO,2022-10-17,90.4,98.9,89.6,98.45,94313631
THYAO,2022-10-18,99.7,100.5,95.9,97.25,74182192
THYAO,2022-10-19,97.7,99.0,96.75,97.4,64208326
THYAO,2022-10-20,97.6,100.9,97.35,99.05,80341293
THYAO,2022-10-21,99.05,99.55,97.6,97.95,59199900
THYAO,2022-10-24,98.5,100.2,97.3,99.5,77909023
THYAO,2022-10-25,100.1,102.1,99.55,100.5,62932344
THYAO,2022-10-26,101.2,102.1,98.8,98.8,56884356
THYAO,2022-10-27,99.1,100.4,96.5,99.4,89189248
THYAO,2022-10-28,98.7,99.25,96.95,96.95,19054680
THYAO,2022-10-31,97.7,101.5,96.8,101.3,65210904
THYAO,2022-11-01,102.3,104.8,101.1,102.4,62304734
THYAO,2022-11-02,102.7,102.8,100.4,100.8,59575517
THYAO,2022-11-03,103.0,104.5,101.0,101.8,104108273
THYAO,2022-11-04,102.1,106.4,101.8,104.2,112457958
THYAO,2022-11-07,104.9,107.6,102.8,107.2,108494047
THYAO,2022-11-08,107.2,115.5,105.6,113.0,120082454
THYAO,2022-11-09,111.6,111.6,111.6,111.7,80680715
THYAO,2022-11-10,111.3,114.3,110.9,113.4,72960174
THYAO,2022-11-11,115.1,115.6,111.1,111.5,80553000
THYAO,2022-11-14,107.5,111.7,107.5,109.7,81824066
THYAO,2022-11-15,112.2,113.1,107.9,109.0,88566846
THYAO,2022-11-16,109.5,109.6,104.1,104.6,99354695
THYAO,2022-11-17,105.0,108.9,101.4,107.2,108199271
THYAO,2022-11-18,107.5,109.4,105.7,106.6,71912625
THYAO,2022-11-21,106.7,107.8,104.4,106.9,62238015
THYAO,2022-11-22,107.8,111.2,107.2,111.2,93556686
THYAO,2022-11-23,111.6,113.5,110.9,112.5,82450714
THYAO,2022-11-24,112.8,114.5,111.3,111.6,86424863
THYAO,2022-11-25,112.0,114.0,110.5,113.8,84417963
THYAO,2022-11-28,114.5,117.5,113.8,115.1,86237156
THYAO,2022-11-29,115.7,119.2,113.4,118.9,92899813
THYAO,2022-11-30,120.5,121.1,118.7,120.0,56817069
THYAO,2022-12-01,122.5,126.1,122.3,124.4,73201710
THYAO,2022-12-02,124.4,129.2,123.7,128.3,78008607
THYAO,2022-12-05,129.6,141.0,127.2,138.6,108945686
THYAO,2022-12-06,138.8,140.0,133.4,135.6,68301320
THYAO,2022-12-07,136.8,139.3,130.3,134.7,78302223
THYAO,2022-12-08,135.0,138.0,132.7,135.4,67275299
THYAO,2022-12-09,135.8,142.3,135.4,141.0,67917513
THYAO,2022-12-12,142.5,146.5,141.8,145.9,78847162
THYAO,2022-12-13,146.0,146.6,143.6,144.0,58193036
THYAO,2022-12-14,144.2,145.2,137.0,137.0,64129327
THYAO,2022-12-15,140.6,143.2,137.0,140.1,58519866
THYAO,2022-12-16,139.2,139.2,139.2,139.2,14256553
THYAO,2022-12-19,140.4,144.2,140.3,143.3,50593904
THYAO,2022-12-20,144.4,148.0,144.0,145.9,73734542
THYAO,2022-12-21,146.3,146.8,142.9,142.9,50608173
THYAO,2022-12-22,143.7,145.4,141.1,142.1,47506386
THYAO,2022-12-23,142.3,143.3,140.8,141.8,38021776
THYAO,2022-12-26,143.3,145.3,142.8,145.0,43689692
THYAO,2022-12-27,145.2,146.6,143.0,143.1,63253933
THYAO,2022-12-28,143.5,143.8,137.1,140.1,48565337
THYAO,2022-12-29,140.2,143.2,138.5,142.3,45564894
THYAO,2022-12-30,142.7,145.4,140.5,140.9,50212233
THYAO,2023-01-02,142.4,147.1,142.1,146.8,60745183
THYAO,2023-01-03,148.3,150.4,146.4,147.4,73564352
THYAO,2023-01-04,147.9,148.2,143.6,144.5,50055440
THYAO,2023-01-05,144.8,147.2,140.3,141.8,66261587
THYAO,2023-01-06,135.2,144.2,132.4,142.5,84430370
THYAO,2023-01-09,143.7,144.8,138.1,138.4,65134360
THYAO,2023-01-10,138.1,138.4,131.2,131.2,53114168
THYAO,2023-01-11,131.8,135.0,125.3,125.3,67243889
THYAO,2023-01-12,129.7,136.4,125.1,135.8,101228836
THYAO,2023-01-13,135.0,138.0,133.2,134.7,60042383
THYAO,2023-01-16,135.8,144.4,134.6,144.4,69854606
THYAO,2023-01-17,144.5,147.8,143.2,147.4,75412924
THYAO,2023-01-18,148.2,151.1,146.9,149.1,88435518
THYAO,2023-01-19,149.1,155.6,148.3,154.6,101059055
THYAO,2023-01-20,154.8,155.5,151.9,152.9,57057208
THYAO,2023-01-23,154.4,156.4,149.0,151.2,60963029
THYAO,2023-01-24,151.6,152.9,147.5,149.7,59286966
THYAO,2023-01-25,151.6,153.3,144.4,151.8,108873538
THYAO,2023-01-26,152.1,153.2,149.6,150.2,78729048
THYAO,2023-01-27,149.8,150.6,143.9,149.8,81105028
THYAO,2023-01-30,150.0,150.3,144.8,144.8,48666913
THYAO,2023-01-31,144.5,144.5,137.6,137.6,65737449
THYAO,2023-02-01,139.1,140.3,130.8,130.8,64560389
THYAO,2023-02-02,130.2,136.4,125.1,134.6,103057422
THYAO,2023-02-03,134.6,143.4,133.2,142.7,77657983
THYAO,2023-02-06,139.4,141.5,134.0,139.9,14257959
THYAO,2023-02-07,138.8,138.8,126.0,127.2,48181521
THYAO,2023-02-15,136.0,139.9,135.0,139.9,20534049
THYAO,2023-02-16,151.1,152.8,138.8,140.0,63980902
THYAO,2023-02-17,138.3,143.3,136.3,141.3,31130671
THYAO,2023-02-20,141.8,142.4,139.7,141.3,30150790
THYAO,2023-02-21,140.5,141.7,137.5,137.5,29105005
THYAO,2023-02-22,137.7,140.4,135.7,136.4,29363923
THYAO,2023-02-23,136.7,139.0,136.1,136.6,22470917
THYAO,2023-02-24,137.0,137.5,134.9,135.0,19057041
THYAO,2023-02-27,135.0,143.4,133.5,143.4,52423380
THYAO,2023-02-28,143.7,145.5,141.4,143.6,45375506
THYAO,2023-03-01,144.5,148.7,144.4,147.5,39612979
THYAO,2023-03-02,142.0,146.2,141.8,142.0,36371596
THYAO,2023-03-03,142.0,143.2,135.5,138.7,39690451
THYAO,2023-03-06,140.0,144.5,138.7,142.4,37723665
THYAO,2023-03-07,143.5,144.9,141.0,141.0,40966650
THYAO,2023-03-08,141.0,142.0,139.4,140.1,22899601
THYAO,2023-03-09,140.8,143.3,140.4,140.5,27001429
THYAO,2023-03-10,140.4,141.0,138.4,138.7,20220146
THYAO,2023-03-13,139.9,140.1,135.5,135.8,25099830
THYAO,2023-03-14,136.0,137.3,132.3,132.3,21213187
THYAO,2023-03-15,132.8,134.3,129.6,130.9,25320121
THYAO,2023-03-16,132.0,133.4,130.1,132.2,23362097
THYAO,2023-03-17,133.6,134.4,126.5,126.5,26317980
THYAO,2023-03-20,127.0,129.3,124.7,126.1,29507963
THYAO,2023-03-21,126.8,127.1,122.5,123.9,30417591
THYAO,2023-03-22,124.4,127.9,122.8,127.9,28343051
THYAO,2023-03-23,127.4,129.5,125.8,129.4,21951569
THYAO,2023-03-24,129.2,130.7,126.9,128.4,25971786
THYAO,2023-03-27,129.1,129.3,125.3,125.3,16795910
THYAO,2023-03-28,125.3,125.4,119.4,119.4,23559138
THYAO,2023-03-29,119.0,124.6,117.6,124.6,30460768
THYAO,2023-03-30,124.1,125.4,121.5,121.9,22890708
THYAO,2023-03-31,121.5,121.5,118.5,118.5,18119844
THYAO,2023-04-03,118.3,122.7,115.9,120.8,28849720
THYAO,2023-04-04,120.8,128.7,120.2,128.1,39989705
THYAO,2023-04-05,128.1,129.8,125.3,125.3,33760757
THYAO,2023-04-06,125.4,128.0,125.2,127.2,29018380
THYAO,2023-04-07,127.6,129.5,126.4,127.4,21950999
THYAO,2023-04-10,128.2,133.8,128.1,133.5,46283257
THYAO,2023-04-11,133.3,134.3,132.2,133.0,34865875
THYAO,2023-04-12,133.4,136.0,132.9,133.4,39282413
THYAO,2023-04-13,134.3,138.2,134.2,137.1,38333237
THYAO,2023-04-14,137.3,137.4,134.2,134.4,25199700
THYAO,2023-04-17,134.6,136.2,133.2,135.7,31052390
THYAO,2023-04-18,136.0,137.6,135.3,136.2,25810585
THYAO,2023-04-19,136.2,136.9,133.8,134.7,20011408
THYAO,2023-04-20,134.4,134.6,133.3,134.0,6183892
THYAO,2023-04-24,134.7,136.9,134.4,136.3,27222826
THYAO,2023-04-25,136.6,137.2,133.6,133.7,24125596
THYAO,2023-04-26,133.6,134.0,128.8,130.0,30837444
THYAO,2023-04-27,129.7,133.3,129.6,130.8,31511675
THYAO,2023-04-28,131.4,131.7,125.7,127.8,26119214
THYAO,2023-05-02,128.3,130.4,125.9,126.3,32713824
THYAO,2023-05-03,126.9,129.3,124.1,129.2,38647046
THYAO,2023-05-04,128.0,130.1,127.3,127.7,33116824
THYAO,2023-05-05,127.9,128.8,124.2,125.5,19374553
THYAO,2023-05-08,126.6,133.1,124.8,132.8,27428729
THYAO,2023-05-09,132.0,133.3,128.6,128.8,29954131
THYAO,2023-05-10,129.3,129.9,126.7,126.8,22097003
THYAO,2023-05-11,126.3,138.3,126.3,136.3,58902189
THYAO,2023-05-12,136.7,137.5,131.4,132.6,41142039
THYAO,2023-05-15,129.6,136.0,123.4,124.4,55104300
THYAO,2023-05-16,125.7,136.4,125.6,135.9,52593843
THYAO,2023-05-17,135.9,138.1,134.7,137.1,47721007
THYAO,2023-05-18,137.3,138.8,131.4,132.6,42944884
THYAO,2023-05-22,133.7,137.9,132.4,135.5,42769028
THYAO,2023-05-23,135.5,136.0,133.0,134.4,22399046
THYAO,2023-05-24,134.5,135.6,132.1,132.8,21555514
THYAO,2023-05-25,133.1,136.1,132.6,134.1,28108769
THYAO,2023-05-26,134.7,143.6,134.5,142.3,56003626
THYAO,2023-05-29,147.6,148.6,144.6,146.0,62138937
THYAO,2023-05-30,147.5,148.8,146.1,147.0,64369356
THYAO,2023-05-31,147.3,149.4,143.8,143.8,56899514
THYAO,2023-06-01,145.0,148.6,144.8,147.0,41558731
THYAO,2023-06-02,150.9,151.2,147.4,150.1,47014462
THYAO,2023-06-05,154.5,164.9,153.6,164.5,81756532
THYAO,2023-06-06,164.0,165.8,160.7,165.4,58022550
THYAO,2023-06-07,172.3,174.8,170.5,172.5,58786669
THYAO,2023-06-08,171.6,173.0,168.6,171.6,43644443
THYAO,2023-06-09,172.3,178.1,171.1,176.9,71672679
THYAO,2023-06-12,178.3,185.8,177.6,183.3,64378620
THYAO,2023-06-13,183.3,183.5,176.4,177.8,46880498
THYAO,2023-06-14,177.7,183.0,177.4,182.9,69548935
THYAO,2023-06-15,183.7,184.5,181.5,183.0,40673484
THYAO,2023-06-16,183.4,186.2,180.5,180.7,46716947
THYAO,2023-06-19,181.0,181.8,173.0,174.0,39071945
THYAO,2023-06-20,173.5,174.3,170.6,171.4,37919228
THYAO,2023-06-21,172.1,173.8,168.1,169.4,35136250
THYAO,2023-06-22,169.8,181.8,169.3,180.3,71946773
THYAO,2023-06-23,183.8,186.3,181.5,184.7,48579888
THYAO,2023-06-26,186.0,191.5,185.5,191.0,47101857
THYAO,2023-06-27,190.5,193.7,189.2,193.7,17673580
THYAO,2023-07-03,203.5,211.9,201.2,210.5,61090558
THYAO,2023-07-04,210.5,211.5,207.4,208.1,40303647
THYAO,2023-07-05,208.4,216.5,204.1,216.5,71942556
THYAO,2023-07-06,216.5,220.6,215.5,216.6,50431804
THYAO,2023-07-07,216.2,218.2,214.6,215.2,32098197
THYAO,2023-07-10,216.5,217.7,213.0,214.6,40701951
THYAO,2023-07-11,218.1,218.3,214.6,215.3,34849197
THYAO,2023-07-12,215.5,215.6,210.9,210.9,32285246
THYAO,2023-07-13,211.0,213.7,208.6,209.5,34627744
THYAO,2023-07-14,211.3,214.7,211.2,213.5,38801470
THYAO,2023-07-17,216.0,219.0,214.7,218.8,45566657
THYAO,2023-07-18,219.3,221.0,213.5,214.0,48487861
THYAO,2023-07-19,213.9,224.3,213.1,223.6,56918137
THYAO,2023-07-20,224.6,227.2,222.5,225.2,51944233
THYAO,2023-07-21,225.2,225.5,222.1,223.6,33459394
THYAO,2023-07-24,224.3,226.8,220.6,221.8,44528021
THYAO,2023-07-25,222.0,223.1,217.3,217.3,53508469
THYAO,2023-07-26,217.0,224.1,215.8,224.1,31818406
THYAO,2023-07-27,225.0,228.7,222.5,228.5,41664031
THYAO,2023-07-28,229.2,237.6,228.4,235.0,52651752
THYAO,2023-07-31,235.8,236.6,232.6,234.3,39359023
THYAO,2023-08-01,232.4,235.1,230.7,231.0,28560161
THYAO,2023-08-02,231.0,239.1,230.3,236.5,39485338
THYAO,2023-08-03,237.0,238.4,234.0,235.0,33328000
THYAO,2023-08-04,235.5,251.2,234.9,248.8,61516392
THYAO,2023-08-07,250.0,269.1,249.9,266.9,61178808
THYAO,2023-08-08,267.7,269.8,258.6,261.8,52411230
THYAO,2023-08-09,257.9,264.2,252.6,260.0,55718464
THYAO,2023-08-10,263.7,269.7,257.5,258.5,57110921
THYAO,2023-08-11,259.1,265.7,257.1,265.7,51008545
THYAO,2023-08-14,267.0,267.4,260.4,261.4,39002877
THYAO,2023-08-15,262.8,265.1,256.3,259.7,39233281
THYAO,2023-08-16,260.0,260.5,254.5,254.5,29171522
THYAO,2023-08-17,254.9,262.1,253.2,262.1,37914675
THYAO,2023-08-18,263.0,263.6,249.9,251.4,34995727
THYAO,2023-08-21,250.4,259.6,248.5,259.0,47451035
THYAO,2023-08-22,259.5,263.7,253.2,254.9,47241792
THYAO,2023-08-23,255.4,256.2,239.5,239.7,44675396
THYAO,2023-08-24,240.2,250.2,229.3,230.5,57986866
THYAO,2023-08-25,232.0,239.2,227.3,238.0,35698953
THYAO,2023-08-28,240.0,257.0,239.8,256.0,49130901
THYAO,2023-08-29,256.0,256.0,246.1,247.9,28511450
THYAO,2023-08-31,249.2,252.8,245.0,245.0,24648940
THYAO,2023-09-01,245.1,255.5,241.7,254.0,46448045
THYAO,2023-09-04,255.7,258.6,251.7,252.7,37823008
THYAO,2023-09-05,252.6,254.4,249.1,252.0,24835817
THYAO,2023-09-06,252.5,252.7,245.0,245.0,27519630
THYAO,2023-09-07,245.0,247.5,242.9,244.6,25076190
THYAO,2023-09-08,245.1,249.6,243.3,243.3,28726045
THYAO,2023-09-11,244.2,244.6,232.7,234.5,29232673
THYAO,2023-09-12,235.0,243.2,232.8,236.0,34852007
THYAO,2023-09-13,236.5,238.3,230.8,231.7,24853678
THYAO,2023-09-14,231.8,238.7,227.0,238.5,33873296
THYAO,2023-09-15,236.0,236.0,227.1,227.1,37299425
THYAO,2023-09-18,227.2,228.6,216.5,218.1,39413834
THYAO,2023-09-19,218.3,222.8,214.6,218.6,40500873
THYAO,2023-09-20,226.2,228.2,221.5,223.3,48974336
THYAO,2023-09-21,222.0,232.9,218.3,232.6,45213499
THYAO,2023-09-22,233.0,233.9,226.1,226.1,28616390
THYAO,2023-09-25,227.0,233.2,226.2,232.5,46696833
THYAO,2023-09-26,232.5,236.8,227.3,227.5,48956744
THYAO,2023-09-27,227.9,234.9,227.9,230.4,45038493
THYAO,2023-09-28,231.0,246.1,230.9,243.2,98226800
THYAO,2023-09-29,246.0,249.7,240.6,242.5,52535429
THYAO,2023-10-02,242.5,255.2,241.4,253.4,62368841
THYAO,2023-10-03,253.5,255.6,247.0,247.7,43106910
THYAO,2023-10-04,248.0,249.0,237.5,238.5,37297744
THYAO,2023-10-05,240.4,243.8,232.9,241.5,42592533
THYAO,2023-10-06,238.5,242.9,238.3,238.4,30707447
THYAO,2023-10-09,232.5,233.2,227.2,227.2,30457825
THYAO,2023-10-10,231.2,238.5,230.2,238.1,32999877
THYAO,2023-10-11,237.1,237.4,229.4,230.1,24968905
THYAO,2023-10-12,233.6,235.0,218.7,225.1,37192253
THYAO,2023-10-13,223.8,224.2,219.4,222.2,28481746
THYAO,2023-10-16,228.0,228.3,222.0,223.0,31816534
THYAO,2023-10-17,223.7,225.9,220.0,225.1,33803978
THYAO,2023-10-18,219.7,221.3,216.1,216.5,29175980
THYAO,2023-10-19,216.6,221.1,213.0,213.6,40254773
THYAO,2023-10-20,210.4,211.2,205.2,207.1,35360831
THYAO,2023-10-23,211.9,215.2,208.0,213.7,40027784
THYAO,2023-10-24,213.7,219.0,211.8,218.0,45914271
THYAO,2023-10-25,219.7,224.2,203.0,203.0,50988232
THYAO,2023-10-26,205.0,215.4,203.3,214.2,51300520
THYAO,2023-10-27,214.2,217.9,208.3,217.2,43258407
THYAO,2023-10-30,217.1,221.1,215.8,218.9,35750031
THYAO,2023-10-31,220.6,223.9,216.5,217.3,40007635
THYAO,2023-11-01,220.3,220.7,210.7,218.1,45713513
THYAO,2023-11-02,219.5,228.2,218.7,223.0,76584578
THYAO,2023-11-03,223.1,226.7,219.2,225.7,46763173
THYAO,2023-11-06,227.6,229.0,225.8,226.2,34519493
THYAO,2023-11-07,226.0,228.1,225.6,226.0,31914130
THYAO,2023-11-08,228.0,231.1,227.3,228.6,39512506
THYAO,2023-11-09,226.7,230.5,224.9,230.2,33945876
THYAO,2023-11-10,230.3,231.7,228.2,229.1,31799444
THYAO,2023-11-13,231.0,240.0,228.7,232.2,57548027
THYAO,2023-11-14,233.0,237.9,232.9,237.1,38012987
THYAO,2023-11-15,237.9,238.3,234.8,235.6,35954817
THYAO,2023-11-16,235.7,244.3,235.4,244.3,43097450
THYAO,2023-11-17,244.2,255.25,243.9,254.25,48829864
THYAO,2023-11-20,257.0,260.5,254.25,254.75,36869621
THYAO,2023-11-21,256.0,269.25,254.25,268.5,71142665
THYAO,2023-11-22,268.5,268.75,260.5,262.0,34890343
THYAO,2023-11-23,262.25,267.75,259.5,260.75,62103119
THYAO,2023-11-24,261.0,263.5,259.0,259.75,33551323
THYAO,2023-11-27,260.75,262.25,257.25,260.5,40747337
THYAO,2023-11-28,261.5,264.25,259.75,261.0,35398274
THYAO,2023-11-29,261.5,262.25,255.0,255.0,34628011
THYAO,2023-11-30,255.0,256.5,249.9,251.0,32022797
THYAO,2023-12-01,255.5,260.75,253.0,260.75,46030936
THYAO,2023-12-04,261.5,264.0,258.5,262.0,40460792
THYAO,2023-12-05,262.5,263.25,256.75,259.0,32211363
THYAO,2023-12-06,259.0,259.75,251.0,251.25,28987606
THYAO,2023-12-07,252.25,259.75,248.9,259.75,34974072
THYAO,2023-12-08,259.25,261.0,252.75,254.0,28379738
THYAO,2023-12-11,254.25,254.5,246.3,246.3,33288289
THYAO,2023-12-12,246.3,250.75,244.7,249.0,43530492
THYAO,2023-12-13,247.6,248.5,241.1,241.3,24937896
THYAO,2023-12-14,244.5,252.75,241.9,252.25,37366429
THYAO,2023-12-15,252.75,256.75,251.5,253.25,34025732
THYAO,2023-12-18,251.75,252.75,244.8,245.7,27823031
THYAO,2023-12-19,245.7,248.2,242.2,245.3,35373848
THYAO,2023-12-20,245.0,245.9,241.6,241.9,25632748
THYAO,2023-12-21,241.9,247.2,241.0,245.0,40500387
THYAO,2023-12-22,245.0,245.1,233.0,233.0,31862554
THYAO,2023-12-25,232.4,232.4,223.9,226.2,16966698
THYAO,2023-12-26,227.4,232.7,226.1,227.7,24860552
THYAO,2023-12-27,227.6,229.5,221.6,222.2,25992461
THYAO,2023-12-28,222.5,231.0,222.5,229.0,25168141
THYAO,2023-12-29,229.0,231.0,227.9,228.6,17712965
THYAO,2024-01-02,233.5,237.8,233.5,236.4,25232547
THYAO,2024-01-03,235.9,236.0,229.7,230.1,19679997
THYAO,2024-01-04,230.7,234.3,229.7,233.3,20462665
THYAO,2024-01-05,233.8,239.2,233.2,239.2,31168225
THYAO,2024-01-08,239.1,244.1,237.7,242.6,26271851
THYAO,2024-01-09,243.9,250.5,239.4,242.9,46260123
THYAO,2024-01-10,242.9,252.25,242.2,249.9,46352544
THYAO,2024-01-11,250.5,251.5,245.0,246.7,29709135
THYAO,2024-01-12,246.0,254.75,241.9,251.0,46279706
THYAO,2024-01-15,251.0,254.75,248.7,253.25,34978052
THYAO,2024-01-16,253.5,253.5,248.1,249.8,27360566
THYAO,2024-01-17,248.5,254.75,248.1,252.5,35139204
THYAO,2024-01-18,254.25,255.25,250.75,250.75,25838790
THYAO,2024-01-19,251.5,253.0,249.1,250.25,25960443
THYAO,2024-01-22,250.5,256.5,250.25,250.25,31598037
THYAO,2024-01-23,253.5,255.25,248.0,248.8,30067262
THYAO,2024-01-24,249.6,253.5,249.2,251.0,31268622
THYAO,2024-01-25,253.0,255.0,251.0,252.25,30064045
THYAO,2024-01-26,252.75,260.0,252.5,260.0,45530116
THYAO,2024-01-29,262.5,277.25,262.5,274.0,55176466
THYAO,2024-01-30,274.75,275.0,270.5,272.0,36212743
THYAO,2024-01-31,272.0,275.25,267.0,272.75,37814734
THYAO,2024-02-01,273.0,277.25,272.5,274.5,38580216
THYAO,2024-02-02,277.0,285.75,276.25,281.5,59160108
THYAO,2024-02-05,283.5,290.25,282.5,289.25,48985701
THYAO,2024-02-06,289.25,293.25,285.5,291.0,50979667
THYAO,2024-02-07,292.0,292.0,286.0,286.0,29968982
THYAO,2024-02-08,286.0,291.75,285.25,286.75,50966364
THYAO,2024-02-09,288.0,294.75,286.25,294.75,37115282
THYAO,2024-02-12,293.0,294.0,289.5,290.25,44743345
THYAO,2024-02-13,290.5,292.25,281.25,281.25,36767148
THYAO,2024-02-14,281.75,284.75,277.5,282.5,43251092
THYAO,2024-02-15,283.75,288.5,282.75,284.0,49608952
THYAO,2024-02-16,284.75,286.25,282.0,282.5,29700992
THYAO,2024-02-19,284.0,287.25,277.5,278.5,42626672
THYAO,2024-02-20,279.75,284.0,278.75,281.25,38737028
THYAO,2024-02-21,282.5,285.0,277.75,279.25,33090339
THYAO,2024-02-22,281.0,287.25,280.75,285.0,45275866
THYAO,2024-02-23,286.0,288.0,282.0,286.5,36388629
THYAO,2024-02-26,288.0,290.5,284.75,285.5,46586805
THYAO,2024-02-27,286.5,287.5,280.0,280.25,44532372
THYAO,2024-02-28,281.0,282.75,276.0,276.0,38048081
THYAO,2024-02-29,279.5,282.0,278.25,281.75,31176978
THYAO,2024-03-01,282.75,282.75,277.25,277.75,19736903
THYAO,2024-03-04,278.5,279.0,270.25,270.5,23512254
THYAO,2024-03-05,271.0,272.75,264.25,265.25,29667212
THYAO,2024-03-06,264.25,267.25,260.75,261.0,35597703
THYAO,2024-03-07,268.0,273.5,266.75,272.75,38380030
THYAO,2024-03-08,273.0,280.25,270.0,279.25,53605974
THYAO,2024-03-11,285.0,286.25,279.5,280.75,32607085
THYAO,2024-03-12,280.5,281.25,272.25,275.5,32599696
THYAO,2024-03-13,275.75,277.5,272.0,272.0,29581973
THYAO,2024-03-14,272.75,274.75,271.0,271.75,23368821
THYAO,2024-03-15,272.25,275.75,268.0,270.25,30487511
THYAO,2024-03-18,270.5,272.0,267.75,268.5,18926028
THYAO,2024-03-19,268.75,278.5,268.5,278.25,33115950
THYAO,2024-03-20,278.0,281.75,276.5,278.25,27530206
THYAO,2024-03-21,281.0,287.75,279.75,285.5,55537828
THYAO,2024-03-22,285.75,292.75,284.5,291.25,45107169
THYAO,2024-03-25,289.75,295.75,285.75,285.75,46911216
THYAO,2024-03-26,286.5,287.0,280.0,285.25,29898741
THYAO,2024-03-27,285.75,287.75,282.0,282.75,30391227
THYAO,2024-03-28,284.0,299.5,283.5,297.75,48424451
THYAO,2024-03-29,298.25,299.5,293.25,297.75,31894138
THYAO,2024-04-01,297.75,305.0,294.0,303.75,42931903
THYAO,2024-04-02,304.5,308.5,296.0,297.0,36483707
THYAO,2024-04-03,296.5,301.75,293.25,300.0,37620296
THYAO,2024-04-04,295.0,299.0,287.5,290.0,79494378
THYAO,2024-04-05,294.0,307.5,293.75,307.25,55059738
THYAO,2024-04-08,308.5,312.75,307.25,310.0,36300949
THYAO,2024-04-09,309.5,311.0,308.5,309.25,14468689
THYAO,2024-04-15,305.0,307.25,298.5,298.5,38514049
THYAO,2024-04-16,296.0,302.0,294.25,297.0,40587896
THYAO,2024-04-17,300.0,302.75,295.25,295.25,33313145
THYAO,2024-04-18,296.75,301.5,295.75,296.25,35074259
THYAO,2024-04-19,292.0,304.0,291.75,302.5,38942548
THYAO,2024-04-22,308.0,311.5,302.5,302.75,41461684
THYAO,2024-04-24,307.25,310.25,305.75,309.75,44209830
THYAO,2024-04-25,310.5,313.75,308.0,313.25,47578438
THYAO,2024-04-26,313.5,319.0,312.25,317.0,44783003
THYAO,2024-04-29,319.75,326.0,319.5,326.0,40620394
THYAO,2024-04-30,325.0,327.75,320.75,326.0,45375021
THYAO,2024-05-02,327.75,332.0,323.0,325.25,41134014
THYAO,2024-05-03,326.0,328.0,322.25,325.0,28796189
THYAO,2024-05-06,324.5,327.25,323.25,326.0,25902824
THYAO,2024-05-07,326.5,330.75,325.0,330.0,39049366
THYAO,2024-05-08,330.75,330.75,327.75,327.75,21381759
THYAO,2024-05-09,327.75,328.75,323.5,325.25,21343901
THYAO,2024-05-10,325.5,326.0,318.0,318.0,33832131
THYAO,2024-05-13,318.25,321.25,313.0,314.25,29664382
THYAO,2024-05-14,314.75,316.0,309.75,310.25,34705165
THYAO,2024-05-15,310.25,312.0,305.0,305.5,29942233
THYAO,2024-05-16,307.5,309.25,303.5,307.0,44314185
THYAO,2024-05-17,310.25,323.75,310.0,323.5,46769335
THYAO,2024-05-20,322.0,327.75,321.25,323.5,31020797
THYAO,2024-05-21,324.5,330.0,321.5,322.5,48484511
THYAO,2024-05-22,324.5,326.75,319.0,321.5,27609960
THYAO,2024-05-23,319.0,326.25,317.0,317.5,50020450
THYAO,2024-05-24,318.25,320.5,315.75,318.25,22962145
THYAO,2024-05-27,319.5,319.75,313.0,315.0,23215678
THYAO,2024-05-28,315.25,316.25,311.0,312.0,20717843
THYAO,2024-05-29,312.5,315.75,306.0,306.0,31728784
THYAO,2024-05-30,307.5,309.5,304.5,306.0,26493682
THYAO,2024-05-31,307.75,313.25,299.25,302.75,50174552
THYAO,2024-06-03,305.25,312.0,304.0,312.0,46466026
THYAO,2024-06-04,312.5,314.0,305.25,306.0,33440269
THYAO,2024-06-05,306.25,313.0,302.75,312.25,43218700
THYAO,2024-06-06,312.75,314.0,304.25,305.5,27854769
THYAO,2024-06-07,307.5,307.5,301.0,302.5,20682374
THYAO,2024-06-10,300.25,302.5,299.0,299.75,19319106
THYAO,2024-06-11,300.5,307.0,298.5,302.5,36835923
THYAO,2024-06-12,302.25,307.25,301.0,305.0,36966572
THYAO,2024-06-13,309.5,311.75,307.5,309.5,24134208
THYAO,2024-06-14,313.25,315.0,309.75,311.75,29420180
THYAO,2024-06-20,315.25,316.25,310.0,316.0,39255358
THYAO,2024-06-21,316.0,316.75,313.75,316.0,30476761
THYAO,2024-06-24,317.25,317.5,309.0,310.25,30082945
THYAO,2024-06-25,310.5,311.0,305.5,305.75,27306032
THYAO,2024-06-26,305.75,306.5,301.0,301.0,22618331
THYAO,2024-06-27,302.5,307.5,302.5,305.75,23234871
THYAO,2024-06-28,307.75,310.75,306.5,308.75,38137283
THYAO,2024-07-01,310.0,310.5,293.0,295.75,45407891
THYAO,2024-07-02,295.75,298.0,293.25,297.75,24290887
THYAO,2024-07-03,299.0,303.5,297.75,303.25,30092887
THYAO,2024-07-04,304.5,311.5,303.5,311.0,33671381
THYAO,2024-07-05,311.0,313.25,307.25,308.0,29827422
THYAO,2024-07-08,308.5,309.75,305.25,306.0,23101726
THYAO,2024-07-09,306.75,311.75,306.25,310.75,37325340
THYAO,2024-07-10,311.0,311.25,304.75,304.75,30531140
THYAO,2024-07-11,307.25,310.0,307.0,310.0,26001104
THYAO,2024-07-12,310.5,310.5,307.0,307.25,23966972
THYAO,2024-07-16,308.0,309.75,307.0,307.5,25171747
THYAO,2024-07-17,308.0,311.75,305.75,309.25,38206650
THYAO,2024-07-18,311.0,318.5,311.0,316.5,45789387
THYAO,2024-07-19,316.0,318.75,312.75,315.5,36619426
THYAO,2024-07-22,316.0,317.0,309.75,309.75,27596166
THYAO,2024-07-23,310.0,311.0,305.5,306.0,28899602
THYAO,2024-07-24,306.25,307.75,303.75,305.0,22634121
THYAO,2024-07-25,305.25,306.25,298.5,300.25,29953941
THYAO,2024-07-26,300.75,303.5,300.5,301.5,16653480
THYAO,2024-07-29,298.75,299.5,293.75,294.0,22278905
THYAO,2024-07-30,294.5,297.0,292.5,293.5,25620856
THYAO,2024-07-31,291.25,292.0,288.25,289.25,27502263
THYAO,2024-08-01,293.0,298.25,293.0,297.5,21064407
THYAO,2024-08-02,292.5,293.75,288.25,291.5,19507021
THYAO,2024-08-05,271.25,280.75,271.25,277.0,33305862
THYAO,2024-08-06,289.0,289.0,279.5,279.5,34068451
THYAO,2024-08-07,282.5,300.0,282.5,298.0,41782573
THYAO,2024-08-08,298.0,305.75,297.5,302.0,32386073
THYAO,2024-08-09,306.5,308.0,300.5,301.75,25010646
THYAO,2024-08-12,305.0,306.75,299.0,300.25,27721724
THYAO,2024-08-13,300.25,300.75,292.25,297.75,26412277
THYAO,2024-08-14,299.25,301.5,291.5,291.75,18953889
THYAO,2024-08-15,291.75,291.75,282.75,288.5,34055805
THYAO,2024-08-16,296.0,299.25,292.5,293.5,38799466
THYAO,2024-08-19,295.5,298.0,292.0,297.0,26825619
THYAO,2024-08-20,296.5,303.25,295.75,299.75,34477472
THYAO,2024-08-21,299.75,303.0,296.25,297.75,23463737
THYAO,2024-08-22,300.0,301.5,294.5,294.5,24952855
THYAO,2024-08-23,294.75,299.0,291.0,295.0,31205050
THYAO,2024-08-26,296.5,297.25,288.75,288.75,22083752
THYAO,2024-08-27,288.75,298.25,287.75,297.75,25541295
THYAO,2024-08-28,297.75,304.5,297.5,302.25,29852124
THYAO,2024-08-29,302.0,303.0,298.25,300.5,25703034
THYAO,2024-09-02,302.0,309.75,301.75,308.5,34729004
THYAO,2024-09-03,308.0,309.25,301.75,302.75,23411840
THYAO,2024-09-04,300.25,301.5,298.25,301.0,19799342
THYAO,2024-09-05,302.25,303.25,295.75,296.75,23092345
THYAO,2024-09-06,297.0,298.75,294.0,294.25,20468062
THYAO,2024-09-09,293.25,294.5,289.0,289.0,24892932
THYAO,2024-09-10,290.0,291.0,283.75,284.0,28335939
THYAO,2024-09-11,284.25,286.5,280.0,280.0,21805515
THYAO,2024-09-12,284.25,289.25,281.5,286.25,39046318
THYAO,2024-09-13,287.5,292.25,283.25,292.25,24404734
THYAO,2024-09-16,291.75,292.0,285.75,286.25,17210152
THYAO,2024-09-17,287.25,293.75,287.25,290.5,25446750
THYAO,2024-09-18,290.25,293.5,289.75,291.5,19884166
THYAO,2024-09-19,294.75,301.25,293.0,301.0,30539856
THYAO,2024-09-20,300.75,301.5,298.0,299.5,20237710
THYAO,2024-09-23,301.0,302.75,295.25,296.0,23543000
THYAO,2024-09-24,296.0,300.0,294.75,296.25,39566662
THYAO,2024-09-25,296.75,297.5,291.25,291.25,25711329
THYAO,2024-09-26,293.25,297.0,290.5,291.25,28959484
THYAO,2024-09-27,292.25,294.5,290.25,292.25,19847298
THYAO,2024-09-30,291.75,291.75,284.75,285.0,21334664
THYAO,2024-10-01,285.25,287.0,274.25,277.75,34658869
THYAO,2024-10-02,277.0,281.75,271.25,271.5,37339145
THYAO,2024-10-03,272.0,277.5,268.75,268.75,27014849
THYAO,2024-10-04,271.0,274.75,270.0,273.75,25552239
THYAO,2024-10-07,274.75,275.5,269.5,270.5,19065238
THYAO,2024-10-08,270.0,272.5,268.75,270.75,24186666
THYAO,2024-10-09,270.75,271.25,265.0,270.25,23956358
THYAO,2024-10-10,271.25,272.5,266.5,266.5,16761536
THYAO,2024-10-11,267.0,271.0,263.75,264.75,17775777
THYAO,2024-10-14,264.75,265.0,257.5,257.75,19868260
THYAO,2024-10-15,257.75,268.75,257.5,268.0,30713391
THYAO,2024-10-16,267.0,270.0,264.0,269.25,19268275
THYAO,2024-10-17,269.5,275.0,269.25,273.5,24972591
THYAO,2024-10-18,273.75,275.0,266.75,268.0,20698103
THYAO,2024-10-21,268.0,272.0,266.25,269.5,24074749
THYAO,2024-10-22,270.5,276.5,269.5,274.75,26819572
THYAO,2024-10-23,275.25,275.25,267.25,267.75,24305349
THYAO,2024-10-24,270.0,274.5,270.0,273.75,18918442
THYAO,2024-10-25,272.75,276.75,271.75,276.0,17216815
THYAO,2024-10-28,278.5,280.0,276.25,278.0,7035135
THYAO,2024-10-30,277.75,280.0,276.5,277.5,14799003
THYAO,2024-10-31,277.75,279.0,272.5,272.5,14473937
THYAO,2024-11-01,273.0,274.75,271.5,273.0,19991989
THYAO,2024-11-04,272.0,273.0,267.0,268.5,18418359
THYAO,2024-11-05,272.25,273.75,270.25,272.25,31196076
THYAO,2024-11-06,273.0,281.0,270.0,277.25,30758235
THYAO,2024-11-07,278.25,283.0,276.0,282.75,24069867
THYAO,2024-11-08,282.0,290.5,281.5,290.25,23348584
THYAO,2024-11-11,290.75,291.25,286.5,288.0,21162079
THYAO,2024-11-12,289.5,290.75,286.25,286.5,20609050
THYAO,2024-11-13,286.0,288.0,282.0,283.75,31922085
THYAO,2024-11-14,285.5,289.0,284.0,286.5,28667480
THYAO,2024-11-15,287.75,293.75,287.0,289.75,40033524
THYAO,2024-11-18,291.0,292.5,287.0,288.75,26338290
THYAO,2024-11-19,289.5,290.25,278.0,279.0,30459346
THYAO,2024-11-20,280.5,281.75,269.5,271.0,28212777
THYAO,2024-11-21,272.0,279.75,271.0,279.75,23938681
THYAO,2024-11-22,279.5,281.0,276.5,279.5,24811970
THYAO,2024-11-25,281.5,300.25,281.0,296.25,61855170
THYAO,2024-11-26,296.0,296.5,291.25,294.0,31270250
THYAO,2024-11-27,299.25,299.75,292.25,292.5,35199151
THYAO,2024-11-28,291.0,291.25,284.25,287.25,26994739
THYAO,2024-11-29,287.25,287.75,283.5,285.0,29697434
THYAO,2024-12-02,284.5,286.75,282.5,285.5,33276590
THYAO,2024-12-03,286.25,290.5,284.0,287.0,28304567
THYAO,2024-12-04,288.5,291.75,287.75,289.0,27748059
THYAO,2024-12-05,290.5,295.0,290.0,293.5,33995219
THYAO,2024-12-06,296.0,300.5,293.5,300.5,35655051
THYAO,2024-12-09,303.75,304.0,299.25,300.5,23749386
THYAO,2024-12-10,300.5,305.0,297.75,299.25,40376517
THYAO,2024-12-11,299.5,303.0,297.25,301.25,30996824
THYAO,2024-12-12,303.0,304.25,296.75,298.5,21407493
THYAO,2024-12-13,297.75,299.5,294.25,299.25,22432206
THYAO,2024-12-16,300.25,300.75,295.5,295.5,21406432
THYAO,2024-12-17,295.5,300.5,293.0,297.75,28508478
THYAO,2024-12-18,297.0,297.75,290.25,290.5,24216068
THYAO,2024-12-19,288.5,293.0,287.75,289.5,25167342
THYAO,2024-12-20,289.5,291.25,287.75,289.75,21909897
THYAO,2024-12-23,290.25,292.5,285.0,286.0,20606277
THYAO,2024-12-24,286.0,287.25,283.25,285.5,15485512
THYAO,2024-12-25,289.0,289.75,287.75,288.25,12283659
THYAO,2024-12-26,289.5,293.25,288.0,290.0,27141490
THYAO,2024-12-27,290.25,293.25,289.75,290.75,23638402
THYAO,2024-12-30,291.25,291.5,282.25,282.25,20734285
THYAO,2024-12-31,282.5,285.75,278.75,281.0,26585935
THYAO,2025-01-02,282.25,287.5,281.25,287.5,25569193
THYAO,2025-01-03,288.25,299.75,288.0,298.0,40123161
THYAO,2025-01-06,299.5,300.0,295.25,297.0,28979311
THYAO,2025-01-07,296.0,298.25,293.0,293.5,27531422
THYAO,2025-01-08,293.0,295.0,291.0,293.0,24336195
THYAO,2025-01-09,294.5,297.5,292.5,294.75,23214174
THYAO,2025-01-10,295.25,297.75,292.5,293.5,24514821
THYAO,2025-01-13,292.75,294.5,287.25,289.75,19087499
THYAO,2025-01-14,291.25,295.25,290.0,293.5,26352017
THYAO,2025-01-15,293.5,298.5,292.25,295.0,35506445
THYAO,2025-01-16,299.0,300.25,295.0,297.75,33591167
THYAO,2025-01-17,298.0,303.75,296.25,303.5,35667354
THYAO,2025-01-20,305.0,306.0,301.75,305.75,27879358
THYAO,2025-01-21,304.25,305.5,299.75,301.25,24194618
THYAO,2025-01-22,301.75,305.75,300.5,305.25,23395068
THYAO,2025-01-23,306.0,311.75,303.0,309.75,38920626
THYAO,2025-01-24,310.0,311.0,306.0,309.0,25724625
THYAO,2025-01-27,307.25,312.5,304.75,306.5,44353911
THYAO,2025-01-28,307.0,312.75,304.75,311.75,37742137
THYAO,2025-01-29,311.75,314.5,309.0,313.0,32487977
THYAO,2025-01-30,313.25,316.5,312.0,313.0,30495540
THYAO,2025-01-31,313.25,317.75,313.0,317.0,32123757
THYAO,2025-02-03,315.0,318.0,311.75,313.75,35289967
THYAO,2025-02-04,314.75,316.25,303.25,303.5,39064740
THYAO,2025-02-05,304.25,306.75,297.5,303.75,37613460
THYAO,2025-02-06,306.5,316.25,306.5,313.5,38126039
THYAO,2025-02-07,313.5,322.5,312.0,322.25,37332540
THYAO,2025-02-10,322.25,323.5,318.5,320.25,24088178
THYAO,2025-02-11,319.5,320.0,313.5,319.5,27260246
THYAO,2025-02-12,320.0,321.25,316.0,317.0,37862912
THYAO,2025-02-13,320.0,321.5,318.5,319.25,22660735
THYAO,2025-02-14,319.75,323.0,315.0,316.75,26200192
THYAO,2025-02-17,317.5,321.5,314.5,319.5,31432655
THYAO,2025-02-18,320.0,327.0,318.5,325.0,41069874
THYAO,2025-02-19,324.75,326.0,317.0,318.25,32683908
THYAO,2025-02-20,318.75,325.25,315.0,315.75,33188614
THYAO,2025-02-21,316.25,317.5,305.5,309.25,39089686
THYAO,2025-02-24,312.5,314.25,308.5,309.5,25538534
THYAO,2025-02-25,309.75,311.5,304.25,304.75,23823247
THYAO,2025-02-26,305.75,310.0,305.0,308.25,25833012
THYAO,2025-02-27,308.25,316.75,307.5,315.75,51598698
THYAO,2025-02-28,313.0,313.5,305.75,308.25,48604438
THYAO,2025-03-03,311.25,319.75,309.75,314.5,49150523
THYAO,2025-03-04,314.25,319.75,313.25,317.25,35047448
THYAO,2025-03-05,319.5,326.75,319.0,326.25,47800841
THYAO,2025-03-06,328.25,336.0,324.25,336.0,54894390
THYAO,2025-03-07,334.75,338.5,333.25,335.75,33033527
THYAO,2025-03-10,335.75,338.75,331.75,333.0,27065446
THYAO,2025-03-11,334.0,335.0,330.5,330.5,23776191
THYAO,2025-03-12,333.25,336.5,332.25,333.5,31574967
THYAO,2025-03-13,336.0,339.5,334.5,337.75,44492350
THYAO,2025-03-14,339.5,339.5,336.0,337.0,26900238
THYAO,2025-03-17,337.5,339.0,333.25,334.0,25636817
THYAO,2025-03-18,331.0,332.0,326.75,327.0,29487095
THYAO,2025-03-19,309.0,318.75,295.0,301.25,63125592
THYAO,2025-03-20,302.75,316.25,302.75,308.0,54152829
THYAO,2025-03-21,306.25,306.75,282.25,285.75,52546154
THYAO,2025-03-24,294.75,305.75,291.5,303.0,55342576
THYAO,2025-03-25,308.0,315.25,306.5,312.0,43119513
THYAO,2025-03-26,309.0,313.75,307.75,309.75,30936805
THYAO,2025-03-27,315.25,316.0,308.0,308.5,30775578
THYAO,2025-03-28,309.25,311.5,302.5,311.0,25046525
THYAO,2025-04-02,308.75,309.5,305.0,305.0,17269939
THYAO,2025-04-03,305.5,308.5,304.0,304.0,18371736
THYAO,2025-04-04,305.75,308.0,303.75,304.75,24782039
THYAO,2025-04-07,298.5,314.0,294.75,310.0,49075770
THYAO,2025-04-08,314.0,314.75,308.25,308.25,28235708
THYAO,2025-04-09,307.0,310.75,305.5,306.0,32425908
THYAO,2025-04-10,314.75,315.25,306.0,306.0,27575977
THYAO,2025-04-11,306.75,310.0,306.0,310.0,26415836
THYAO,2025-04-14,312.75,315.0,311.75,313.25,23820445
THYAO,2025-04-15,313.5,320.5,312.25,320.0,37597322
THYAO,2025-04-16,320.0,322.5,318.0,319.75,27672822
THYAO,2025-04-17,320.5,325.25,320.0,323.5,29681244
THYAO,2025-04-18,323.5,323.75,317.0,319.0,17561301
THYAO,2025-04-21,319.0,320.0,314.0,315.0,18774590
THYAO,2025-04-22,316.5,321.25,316.5,320.0,22775757
THYAO,2025-04-24,322.25,323.5,318.0,321.5,16088858
THYAO,2025-04-25,322.0,323.5,317.75,317.75,16262264
THYAO,2025-04-28,318.0,318.75,312.75,312.75,16149088
THYAO,2025-04-29,305.5,306.25,297.75,297.75,28399308
THYAO,2025-04-30,298.75,300.25,283.25,284.25,33320216
THYAO,2025-05-02,285.5,295.0,285.5,292.75,21047856
THYAO,2025-05-05,295.0,296.5,287.0,294.0,19284842
THYAO,2025-05-06,294.25,296.25,291.25,291.75,15717504
THYAO,2025-05-07,290.5,291.0,276.25,278.75,27150834
THYAO,2025-05-08,280.5,285.5,279.0,285.0,15393943
THYAO,2025-05-09,285.5,296.5,285.5,294.0,27735690
THYAO,2025-05-12,305.5,309.75,302.75,309.5,25067318
THYAO,2025-05-13,307.5,308.5,303.0,304.5,19280816
THYAO,2025-05-14,303.25,303.25,299.0,299.0,23810847
THYAO,2025-05-15,299.75,301.0,292.25,293.75,16721515
THYAO,2025-05-16,294.0,296.25,288.75,293.0,30633725
THYAO,2025-05-20,293.75,293.75,286.0,286.75,28204042
THYAO,2025-05-21,286.75,287.0,279.75,279.75,42495427
THYAO,2025-05-22,283.5,287.5,278.25,284.25,49323964
THYAO,2025-05-23,283.5,286.25,279.75,279.75,35288228
THYAO,2025-05-26,282.5,282.75,279.25,280.0,25342423
THYAO,2025-05-27,280.5,283.0,275.0,275.0,26579753
THYAO,2025-05-28,275.5,279.0,274.5,276.5,21458274
THYAO,2025-05-29,278.75,281.0,277.25,278.5,24116391
THYAO,2025-05-30,279.0,280.25,273.0,273.25,24838082
THYAO,2025-06-02,272.5,276.5,272.0,275.75,23231977
THYAO,2025-06-03,278.0,284.25,277.75,283.75,22246363
THYAO,2025-06-04,283.25,287.5,281.75,287.0,21146096
THYAO,2025-06-05,285.75,287.0,284.75,286.5,5311968
THYAO,2025-06-10,289.0,293.25,289.0,291.0,28557448
THYAO,2025-06-11,291.0,292.0,289.25,290.5,21086678
THYAO,2025-06-12,287.0,287.25,278.0,278.75,34285321
THYAO,2025-06-13,262.5,266.5,258.5,263.75,37717566
THYAO,2025-06-16,263.5,268.25,259.5,265.25,28020896
THYAO,2025-06-17,265.25,266.0,261.5,261.75,21056327
THYAO,2025-06-18,260.25,260.75,256.0,257.25,27511803
THYAO,2025-06-19,258.0,259.5,252.0,252.0,20781123
THYAO,2025-06-20,257.25,258.5,254.0,256.75,19876258
THYAO,2025-06-23,253.0,254.0,249.2,253.0,27919468
THYAO,2025-06-24,270.0,275.75,265.0,274.5,60708109
THYAO,2025-06-25,275.5,275.75,270.5,271.5,23663253
THYAO,2025-06-26,271.75,272.75,265.0,265.25,17081008
THYAO,2025-06-27,265.25,269.75,263.25,267.75,25137482
THYAO,2025-06-30,269.25,284.0,268.5,283.5,60838790
THYAO,2025-07-01,284.25,292.5,282.75,290.5,37385296
THYAO,2025-07-02,290.75,296.0,288.5,291.0,36959749
THYAO,2025-07-03,295.0,295.75,291.0,291.5,24795522
THYAO,2025-07-04,292.25,295.25,291.25,292.75,22878532
THYAO,2025-07-07,288.5,291.25,286.5,287.5,22479863
THYAO,2025-07-08,289.25,291.25,279.0,280.5,30031285
THYAO,2025-07-09,281.5,287.5,281.25,286.75,23296990
THYAO,2025-07-10,289.5,293.25,289.25,291.0,34795243
THYAO,2025-07-11,296.0,297.0,290.75,293.0,34145288
THYAO,2025-07-14,293.25,295.25,290.75,291.0,32569360
THYAO,2025-07-16,291.0,293.25,280.5,285.0,40611252
THYAO,2025-07-17,289.5,290.5,285.0,289.25,29728257
THYAO,2025-07-18,289.5,291.75,287.5,289.0,33276220
THYAO,2025-07-21,290.75,295.5,290.5,294.0,31054005
THYAO,2025-07-22,294.5,298.25,294.5,297.25,37359500
THYAO,2025-07-23,298.75,299.5,293.75,294.5,24710463
THYAO,2025-07-24,296.0,298.75,293.25,296.0,27444494
THYAO,2025-07-25,296.25,297.0,293.0,293.0,15138879
THYAO,2025-07-28,293.75,294.5,290.0,290.25,17995538
THYAO,2025-07-29,290.0,291.0,285.25,285.25,19619086
THYAO,2025-07-30,285.5,289.0,285.25,287.25,22915366
THYAO,2025-07-31,288.5,289.75,286.0,288.0,28385427
THYAO,2025-08-01,288.5,290.75,286.75,288.75,29061004
THYAO,2025-08-04,291.0,296.5,290.5,294.5,36501829
THYAO,2025-08-05,296.25,298.0,295.25,295.5,22228274
THYAO,2025-08-06,298.5,311.25,298.0,308.5,70872223
THYAO,2025-08-07,309.75,311.75,306.0,309.0,40809896
THYAO,2025-08-08,309.5,314.75,309.25,314.25,34231549
THYAO,2025-08-11,316.75,317.75,311.75,315.75,34537595
THYAO,2025-08-12,315.25,321.75,311.75,319.5,41165145
THYAO,2025-08-13,320.75,325.0,317.25,324.25,31590210
THYAO,2025-08-14,322.5,331.25,322.25,326.0,35978676
THYAO,2025-08-15,326.25,331.25,324.75,331.0,24854745
THYAO,2025-08-18,331.25,335.25,329.0,334.0,24014896
THYAO,2025-08-19,334.75,339.5,330.0,338.5,33939647
THYAO,2025-08-20,338.5,340.5,334.0,338.75,25992738
THYAO,2025-08-21,340.0,341.5,335.75,337.0,26330388
THYAO,2025-08-22,337.5,339.0,334.0,337.5,23038084
THYAO,2025-08-25,338.25,341.25,336.25,338.25,29965988
THYAO,2025-08-26,338.75,346.25,337.75,343.5,34867256
THYAO,2025-08-27,345.0,346.0,338.5,338.75,22120352
THYAO,2025-08-28,339.0,344.25,337.75,340.0,20691413
THYAO,2025-08-29,340.25,340.5,333.75,335.0,18346545
THYAO,2025-09-01,335.0,340.25,334.75,337.5,17815923
THYAO,2025-09-02,335.5,336.0,316.5,327.5,35955211
THYAO,2025-09-03,326.25,333.25,319.5,329.25,32674168
THYAO,2025-09-04,329.5,334.0,321.25,322.5,35176179
THYAO,2025-09-05,324.0,327.5,319.0,319.5,27203856
THYAO,2025-09-08,313.25,315.5,307.5,309.0,27586255
THYAO,2025-09-09,310.75,320.75,310.5,316.75,40493190
THYAO,2025-09-10,318.25,322.75,312.5,322.5,34820863
THYAO,2025-09-11,323.25,324.75,314.5,316.0,30023616
THYAO,2025-09-12,315.25,316.5,311.0,314.0,21179398
THYAO,2025-09-15,313.25,332.5,310.25,331.75,52033362
THYAO,2025-09-16,331.5,331.5,325.0,327.0,40226846
THYAO,2025-09-17,327.0,327.25,321.25,321.5,34230277
THYAO,2025-09-18,323.0,326.0,317.0,317.75,34917799
THYAO,2025-09-19,319.0,322.0,313.25,319.75,43870527
THYAO,2025-09-22,327.5,330.25,324.5,326.0,43892594
THYAO,2025-09-23,323.0,327.5,320.0,324.75,40017266
THYAO,2025-09-24,326.0,327.5,317.75,324.0,42762282
THYAO,2025-09-25,325.5,332.5,325.5,328.25,39070278
THYAO,2025-09-26,329.25,329.5,319.25,319.75,54508756
THYAO,2025-09-29,318.0,324.5,316.5,319.25,37562966
THYAO,2025-09-30,321.25,323.75,314.0,315.0,33491387
THYAO,2025-10-01,315.5,318.75,311.75,315.75,44237945
THYAO,2025-10-02,315.75,318.5,314.5,315.0,39859117
THYAO,2025-10-03,316.0,317.25,310.75,311.0,31181374
THYAO,2025-10-06,312.5,317.0,304.0,305.5,40200172
THYAO,2025-10-07,306.25,314.5,305.5,313.75,32264093
THYAO,2025-10-08,313.5,316.75,307.5,310.25,41143341
THYAO,2025-10-09,316.75,318.25,310.75,312.5,37074561
THYAO,2025-10-10,313.25,317.75,310.75,313.75,36347821
THYAO,2025-10-13,309.5,312.25,307.75,309.0,29718699
THYAO,2025-10-14,309.25,310.25,300.25,302.0,31639213
THYAO,2025-10-15,302.75,306.25,298.0,300.75,41747312
THYAO,2025-10-16,299.25,302.0,295.5,296.0,38875850
THYAO,2025-10-17,295.0,296.0,287.75,292.0,57747825
THYAO,2025-10-20,293.25,300.25,290.0,297.75,51523112
THYAO,2025-10-21,298.5,298.75,293.0,294.5,30462184
THYAO,2025-10-22,295.5,296.0,287.0,288.0,42484656
THYAO,2025-10-23,288.5,290.25,283.75,284.25,40555813
THYAO,2025-10-24,287.0,302.25,287.0,297.0,84622262
THYAO,2025-10-27,297.0,298.5,293.0,295.0,27751916
THYAO,2025-10-28,294.75,295.75,292.0,292.0,10268579
THYAO,2025-10-30,292.75,294.75,289.5,290.0,27637939
THYAO,2025-10-31,290.25,293.25,289.0,291.5,28385482
THYAO,2025-11-03,293.25,295.75,292.25,294.0,41693246
THYAO,2025-11-04,294.0,295.0,288.25,289.0,29538148
THYAO,2025-11-05,289.5,292.0,287.25,290.0,37593637
THYAO,2025-11-06,291.75,294.5,288.0,292.5,33000037
THYAO,2025-11-07,296.0,298.25,288.0,289.5,42808807
THYAO,2025-11-10,291.0,291.5,278.25,278.25,43267774
THYAO,2025-11-11,278.25,281.0,266.5,273.0,54581700
THYAO,2025-11-12,275.25,275.5,268.0,268.0,37544314
THYAO,2025-11-13,269.25,274.5,269.25,271.0,34972867
THYAO,2025-11-14,270.5,271.0,267.0,269.0,28455584
THYAO,2025-11-17,270.75,271.5,266.75,268.5,29682554
THYAO,2025-11-18,267.5,269.75,266.75,267.5,22734301
THYAO,2025-11-19,268.75,278.75,268.5,277.5,45678395
THYAO,2025-11-20,279.0,280.75,273.75,276.25,31112755
THYAO,2025-11-21,276.25,276.25,271.5,273.0,27542702
THYAO,2025-11-24,272.25,273.25,270.0,270.25,33487074
THYAO,2025-11-25,271.0,279.0,270.0,273.25,53946056
THYAO,2025-11-26,273.75,275.25,272.75,274.25,32243168
THYAO,2025-11-27,276.0,276.5,272.5,272.5,24662646
THYAO,2025-11-28,272.75,276.75,271.5,272.75,31495812
THYAO,2025-12-01,272.0,277.25,271.5,276.5,29348256
THYAO,2025-12-02,277.0,281.75,276.25,279.0,38452648
THYAO,2025-12-03,281.25,283.5,275.5,275.5,35791929
THYAO,2025-12-04,275.5,277.25,269.25,270.0,31922352
THYAO,2025-12-05,270.0,271.75,267.75,270.25,25259577
THYAO,2025-12-08,271.75,273.75,271.75,272.25,30892643
THYAO,2025-12-09,273.0,273.25,270.5,271.5,27160617
THYAO,2025-12-10,272.0,275.75,270.25,270.5,37191224
THYAO,2025-12-11,271.25,272.5,269.25,269.5,27746236
THYAO,2025-12-12,270.75,274.5,270.75,272.25,27438909
THYAO,2025-12-15,273.25,276.25,272.0,274.25,34556393
THYAO,2025-12-16,274.5,276.0,272.25,273.25,36677565
THYAO,2025-12-17,273.25,275.0,271.0,274.0,35624064
THYAO,2025-12-18,274.5,277.25,273.25,274.5,38604691
THYAO,2025-12-19,275.0,277.75,273.75,277.25,38159581
THYAO,2025-12-22,277.75,278.5,271.75,272.0,31216523
THYAO,2025-12-23,271.75,272.0,270.0,270.5,23713128
THYAO,2025-12-24,271.0,272.5,269.25,271.25,26074191
THYAO,2025-12-25,272.5,273.5,271.0,271.25,12977291
THYAO,2025-12-26,271.25,271.5,267.25,268.0,22195231
THYAO,2025-12-29,268.25,269.0,262.75,264.5,31535713
THYAO,2025-12-30,265.0,269.75,264.75,267.75,32525018
THYAO,2025-12-31,268.5,269.75,267.25,268.5,20565368
THYAO,2026-01-02,271.0,274.25,269.75,274.25,28891002
THYAO,2026-01-05,274.25,279.0,272.5,277.75,38929858
THYAO,2026-01-06,279.0,289.25,279.0,288.5,60291603
THYAO,2026-01-07,289.5,295.25,287.5,290.75,71173468
THYAO,2026-01-08,291.0,295.75,286.5,294.5,60705169
THYAO,2026-01-09,296.0,298.0,290.25,291.5,51357969
THYAO,2026-01-12,291.75,294.5,289.25,291.5,49228010
THYAO,2026-01-13,292.0,292.5,285.75,287.0,50345679
THYAO,2026-01-14,288.5,289.0,279.5,280.25,47676029
THYAO,2026-01-15,280.75,288.75,280.5,287.75,52640730
THYAO,2026-01-16,290.5,295.5,288.5,292.0,52808497
THYAO,2026-01-19,294.25,299.75,292.5,295.75,72954364
THYAO,2026-01-20,295.75,296.75,291.5,292.0,44544516
THYAO,2026-01-21,292.5,297.0,290.0,297.0,52547045
THYAO,2026-01-22,299.0,301.0,294.75,299.0,63538093
THYAO,2026-01-23,300.5,304.25,299.5,301.0,50706805
THYAO,2026-01-26,299.0,302.75,296.0,299.25,46066314
THYAO,2026-01-27,299.75,301.0,293.75,294.25,47513693
THYAO,2026-01-28,294.25,303.0,294.25,298.0,92400525
THYAO,2026-01-29,300.0,307.25,298.0,302.25,104308213
THYAO,2026-01-30,302.25,308.25,298.5,304.0,83271865
THYAO,2026-02-02,300.25,310.0,298.0,305.75,94704808
THYAO,2026-02-03,308.0,319.25,308.0,318.75,84532266
THYAO,2026-02-04,320.0,322.75,315.0,320.5,67172321
THYAO,2026-02-05,318.5,322.0,316.0,317.0,64928341
THYAO,2026-02-06,317.0,324.5,311.75,322.5,67707854
THYAO,2026-02-09,326.5,329.75,321.75,329.5,63946715
THYAO,2026-02-10,329.0,333.25,327.75,333.0,52371004
THYAO,2026-02-11,330.5,337.75,329.0,331.0,61366265
THYAO,2026-02-12,332.25,341.25,331.0,337.0,70648552
THYAO,2026-02-13,337.5,351.25,337.25,347.75,79364384
THYAO,2026-02-16,349.75,352.5,345.0,347.75,60497306
THYAO,2026-02-17,346.25,350.75,343.0,345.0,59808917
THYAO,2026-02-18,345.75,350.0,324.75,328.25,94434599
THYAO,2026-02-19,330.5,331.0,310.25,312.5,81994623
THYAO,2026-02-20,314.5,320.5,313.75,320.5,49745507
THYAO,2026-02-23,325.75,326.0,315.25,315.75,58340211
THYAO,2026-02-24,315.75,316.0,307.25,308.5,60541603
THYAO,2026-02-25,309.25,311.0,305.5,307.0,36524474
THYAO,2026-02-26,307.75,316.25,302.5,311.5,68383970
THYAO,2026-02-27,313.25,314.0,303.5,307.5,60671396
THYAO,2026-03-02,282.5,292.5,282.25,289.0,54215665
THYAO,2026-03-03,286.0,295.25,285.0,287.0,42900149
THYAO,2026-03-04,288.0,292.0,282.0,287.75,46550560
THYAO,2026-03-05,293.25,295.25,283.75,284.25,42754331
THYAO,2026-03-06,284.0,286.0,276.0,276.75,56263294
THYAO,2026-03-09,267.0,282.0,263.5,282.0,51377626
THYAO,2026-03-10,294.0,297.0,288.75,297.0,61941889
THYAO,2026-03-11,296.0,296.25,289.5,294.75,40619946
THYAO,2026-03-12,290.0,297.75,289.25,292.75,41475379
THYAO,2026-03-13,291.25,293.5,286.75,292.25,26218061
THYAO,2026-03-16,292.5,293.5,288.25,290.0,28395392
THYAO,2026-03-17,291.0,296.0,291.0,294.75,22876482
THYAO,2026-03-18,297.25,298.0,289.25,290.75,24386487
THYAO,2026-03-19,289.0,291.5,287.75,289.5,11565613
THYAO,2026-03-23,281.25,296.25,279.5,295.5,75513242
THYAO,2026-03-24,292.25,296.5,290.75,291.0,40807369
THYAO,2026-03-25,295.75,299.5,292.75,294.5,66108591
THYAO,2026-03-26,292.5,296.5,291.75,293.5,31352265
THYAO,2026-03-27,295.0,295.5,290.5,294.0,30167762
THYAO,2026-03-30,292.5,293.5,288.75,288.75,29264051
THYAO,2026-03-31,290.0,294.75,289.25,294.25,43351658
THYAO,2026-04-01,306.25,307.75,297.5,298.0,47033368
THYAO,2026-04-02,292.5,300.5,291.25,299.75,48135580
THYAO,2026-04-03,299.25,299.75,295.0,296.0,21832383
THYAO,2026-04-06,296.75,301.25,296.5,297.25,36486790
THYAO,2026-04-07,296.0,299.25,291.75,292.0,42540777
THYAO,2026-04-08,308.75,321.0,307.5,317.0,110512822
THYAO,2026-04-09,316.0,322.25,313.25,319.5,43131773
THYAO,2026-04-10,322.5,325.25,321.0,323.25,39622743
THYAO,2026-04-13,316.0,318.75,314.25,316.75,59932285
THYAO,2026-04-14,319.75,326.5,319.5,324.0,65014922
THYAO,2026-04-15,326.5,326.75,318.5,319.25,50829575
THYAO,2026-04-16,323.0,324.5,315.5,317.25,42533691
THYAO,2026-04-17,318.0,335.0,317.75,329.0,108841541
