Date,Open,High,Low,Close,Volume
21.04.2021 18:10:00,"12,78","13,22","12,06","12,44",3744160
22.04.2021 18:10:00,"12,48","12,95","12,01","12,91",3064601
26.04.2021 18:10:00,"12,93","14,2","12,91","13,93",5939263
27.04.2021 18:10:00,"13,89","14,65","13,67","14,04",5026229
28.04.2021 18:10:00,"14,06","14,49","14,05","14,4",3366302
29.04.2021 18:10:00,"14,55","14,69","14,3","14,3",1780574
30.04.2021 18:10:00,"14,33","15,12","14,32","15,05",4737390
03.05.2021 18:10:00,"15,1","16,33","15,1","16,33",5546114
04.05.2021 18:10:00,"16,47","16,63","15,85","16,52",6535977
05.05.2021 18:10:00,"16,57","16,75","16,15","16,25",4899687
06.05.2021 18:10:00,"16,26","16,71","16,22","16,65",4839480
07.05.2021 18:10:00,"16,88","16,91","16,46","16,64",2540515
10.05.2021 18:10:00,"16,82","17,37","16,79","17,18",4233432
11.05.2021 18:10:00,"16,58",17,"16,52","16,75",3779811
12.05.2021 11:30:00,"16,67","17,47","16,58","17,47",1974095
17.05.2021 18:10:00,"17,6","17,75","17,24","17,25",3025414
18.05.2021 18:10:00,"17,33","17,33","16,79","16,79",3778353
20.05.2021 18:10:00,"16,59","17,08","16,46","16,75",5326060
21.05.2021 18:10:00,"17,03","17,04","16,69","16,71",2143659
24.05.2021 18:10:00,"16,77","16,98","16,59","16,65",1670654
25.05.2021 18:10:00,"16,78","16,78","15,94","15,94",2242832
26.05.2021 18:10:00,"16,1","16,31","15,69","16,21",2616262
27.05.2021 18:10:00,"16,25","17,08","16,11","16,78",5339060
28.05.2021 18:10:00,"16,85","16,88","16,31","16,64",2956907
31.05.2021 18:10:00,"16,78","17,05","16,73","17,01",4085007
01.06.2021 18:10:00,"16,87","17,03","16,67","16,97",3174673
02.06.2021 18:10:00,"16,74","17,09","16,73","16,86",3059481
03.06.2021 18:10:00,"16,89","17,24","16,67","16,7",5763146
04.06.2021 18:10:00,"16,76","16,85","16,55","16,72",2427610
07.06.2021 18:10:00,"16,85","17,12","16,84","16,88",2633231
08.06.2021 18:10:00,"16,88","16,97","16,81","16,93",2186507
09.06.2021 18:10:00,"17,01","17,3","16,95","17,02",4366324
10.06.2021 18:10:00,"17,08","17,15","16,8","16,8",1728956
11.06.2021 18:10:00,"16,86","16,94","16,58","16,58",3650596
14.06.2021 18:10:00,"16,76","16,76","16,29","16,5",2193640
15.06.2021 18:10:00,"16,57","16,6","16,09","16,12",1926841
16.06.2021 18:10:00,"16,16","16,26","15,64","15,67",2101280
17.06.2021 18:10:00,"15,55","16,03","15,53","15,78",3285311
18.06.2021 18:10:00,"15,9","16,19","15,73","15,82",2847194
21.06.2021 18:10:00,"16,02","16,28","15,82","16,21",2620735
22.06.2021 18:10:00,"16,34","16,49","16,31","16,37",2151933
23.06.2021 18:10:00,"16,42","16,48","16,02","16,09",1690799
24.06.2021 18:10:00,"16,33","16,37","16,16","16,2",1393143
25.06.2021 18:10:00,"16,23","16,25","15,74","15,81",1583191
28.06.2021 18:10:00,"15,8","15,84","15,01","15,05",2353582
29.06.2021 18:10:00,"14,91","14,91","14,29","14,53",2697020
30.06.2021 18:10:00,"14,66","14,91","14,5","14,74",2474252
01.07.2021 18:10:00,"14,74","15,56","14,58","15,56",3459884
02.07.2021 18:10:00,"15,59","16,21","15,32","15,95",5108212
05.07.2021 18:10:00,"15,92","16,09","15,75","15,96",2285267
06.07.2021 18:10:00,"16,03","16,17","15,57","15,69",2227226
07.07.2021 18:10:00,"15,73","15,77","15,43","15,48",1956435
08.07.2021 18:10:00,"15,45","15,47","14,99","15,01",1683915
09.07.2021 18:10:00,"15,07","15,22","14,84","15,01",1643584
12.07.2021 18:10:00,"15,01","15,06","14,65","14,66",1401441
13.07.2021 18:10:00,"14,6","14,87","14,5","14,7",1572413
14.07.2021 18:10:00,"14,71","14,95","14,71","14,81",1356884
16.07.2021 18:10:00,"14,82","15,05","14,61","14,65",1386088
19.07.2021 11:30:00,"14,59","14,59","14,39","14,43",461230
26.07.2021 18:10:00,"14,42","14,43","13,85","13,91",1667312
27.07.2021 18:10:00,"13,85","14,72","13,75","14,61",3505926
28.07.2021 18:10:00,"14,68","14,81","14,38","14,52",2286505
29.07.2021 18:10:00,"14,59","14,8","14,59","14,66",1338763
30.07.2021 18:10:00,"14,55","14,76","14,39","14,45",1099727
02.08.2021 18:10:00,"14,48","14,55","14,32","14,32",2021143
03.08.2021 18:10:00,"14,35","14,39","13,93","14,04",1770855
04.08.2021 18:10:00,"14,09","14,22","13,82","13,82",2121423
05.08.2021 18:10:00,"13,82","14,26","13,79","14,09",2119527
06.08.2021 18:10:00,"14,12","14,36","14,12","14,22",1997228
09.08.2021 18:10:00,"14,29","14,75","14,19","14,67",3449552
10.08.2021 18:10:00,"14,67","14,73","14,24","14,39",2379020
11.08.2021 18:10:00,"14,32","14,45","14,05","14,15",1481001
12.08.2021 18:10:00,"14,21","14,68","14,21","14,39",2576428
13.08.2021 18:10:00,"14,41","14,63","14,18","14,49",1488141
16.08.2021 18:10:00,"14,59","15,03","14,59","14,67",2747199
17.08.2021 18:10:00,"14,61","14,65","14,42","14,45",1286124
18.08.2021 18:10:00,"14,49","14,7","14,09","14,12",2321124
19.08.2021 18:10:00,"14,03","14,28","13,93","14,18",1733161
20.08.2021 18:10:00,"14,12","14,28","14,05","14,2",1381210
23.08.2021 18:10:00,"14,41","14,57","14,32","14,45",2444501
24.08.2021 18:10:00,"14,53","14,92","14,52","14,83",2410012
25.08.2021 18:10:00,"14,79","15,05","14,57","14,69",3317300
26.08.2021 18:10:00,"14,94","14,94","14,65","14,74",2228479
27.08.2021 18:10:00,"14,63","14,68","14,36","14,45",2009544
31.08.2021 18:10:00,"14,54","14,61","14,39","14,44",1191875
01.09.2021 18:10:00,"14,52","14,83","14,51","14,63",2138986
02.09.2021 18:10:00,"14,64","14,75","14,49","14,59",1039556
03.09.2021 18:10:00,"14,6","14,84","14,5","14,51",1932468
06.09.2021 18:10:00,"14,59","14,73","14,51","14,71",1092664
07.09.2021 18:10:00,"14,72","14,81","14,32","14,35",1509360
08.09.2021 18:10:00,"14,37","14,37","14,1","14,33",1169472
09.09.2021 18:10:00,"14,23","14,37","14,16","14,3",1622229
10.09.2021 18:10:00,"14,34","14,49","13,94","13,94",2068389
13.09.2021 18:10:00,"13,99","14,13","13,87","13,9",2410114
14.09.2021 18:10:00,"13,95","14,08","13,9","13,91",1661821
15.09.2021 18:10:00,"13,91","13,92","13,64","13,64",1775277
16.09.2021 18:10:00,"13,71","13,91","13,63","13,91",1911745
17.09.2021 18:10:00,"13,94","14,62","13,94","14,42",4811037
20.09.2021 18:10:00,"14,42","14,55","14,02","14,14",4361767
21.09.2021 18:10:00,"14,28","14,47","14,24","14,24",3114265
22.09.2021 18:10:00,"14,32","14,71","14,17","14,7",3823386
23.09.2021 18:10:00,"14,7","14,88","14,47","14,59",3412762
24.09.2021 18:10:00,"14,49","14,98","14,47","14,68",3852895
27.09.2021 18:10:00,"14,89","15,43","14,76","15,37",5510544
28.09.2021 18:10:00,"15,34","15,78","15,2","15,71",4144305
29.09.2021 18:10:00,"15,78","15,88","15,58","15,65",1996633
30.09.2021 18:10:00,"15,63","16,03","15,63","15,93",2516191
01.10.2021 18:10:00,"15,81","16,06","15,69","15,96",1729090
04.10.2021 18:10:00,"16,14","16,23","15,5","15,51",2395918
05.10.2021 18:10:00,"15,47","15,9","15,45","15,78",1567139
06.10.2021 18:10:00,"15,78","15,78","15,17","15,29",1851816
07.10.2021 18:10:00,"15,45","15,51","15,3","15,38",1648383
08.10.2021 18:10:00,"15,48","15,66","15,36","15,44",1762460
11.10.2021 18:10:00,"15,5","15,96","15,41","15,85",1640028
12.10.2021 18:10:00,"15,82","16,06","15,66","15,78",1704913
13.10.2021 18:10:00,"15,89","16,12","15,81","15,94",1852349
14.10.2021 18:10:00,"15,88","16,22","15,78","16,16",1937739
15.10.2021 18:10:00,"16,2","16,75","16,2","16,61",3171659
18.10.2021 18:10:00,"16,64","16,71","16,2","16,4",2395745
19.10.2021 18:10:00,"16,45","16,86","16,35","16,72",3015308
20.10.2021 18:10:00,"16,79","16,9","16,01","16,02",3226364
21.10.2021 18:10:00,"16,1","16,2","15,67","16,08",1914840
22.10.2021 18:10:00,"16,19","16,25","15,94","16,09",1506709
25.10.2021 18:10:00,"16,01","16,15","15,92","16,04",1280038
26.10.2021 18:10:00,"16,12","16,32","16,1","16,2",1793696
27.10.2021 18:10:00,"16,27","16,51","16,06","16,27",2072505
28.10.2021 11:30:00,"16,31","16,43","16,25","16,3",770498
01.11.2021 18:10:00,"16,38","16,78","16,38","16,47",1613883
02.11.2021 18:10:00,"16,5","16,79","16,47","16,7",1726944
03.11.2021 18:10:00,"16,74","17,16","15,91","17,16",3354474
04.11.2021 18:10:00,"17,53","18,28","17,51","18,19",6402390
05.11.2021 18:10:00,"18,24","19,11","18,09","18,92",5733880
08.11.2021 18:10:00,"18,95","19,36","18,53","19,06",6873428
09.11.2021 18:10:00,"19,11","19,88","18,99","19,66",4745100
10.11.2021 18:10:00,"19,51","20,07","19,21","19,7",5661752
11.11.2021 18:10:00,"19,68","20,14","19,64","19,78",3711293
12.11.2021 18:10:00,"19,84","20,45","19,83","20,27",3155155
15.11.2021 18:10:00,"20,33","20,91","20,12","20,75",3618970
16.11.2021 18:10:00,"20,79","21,48","20,22","20,35",2828756
17.11.2021 18:10:00,"20,35","20,81","20,34","20,73",1324311
18.11.2021 18:10:00,"20,77","20,93","20,03","20,66",2436871
19.11.2021 18:10:00,"20,85","20,89","18,9","18,97",5260825
22.11.2021 18:10:00,"19,03","19,41","18,92","19,23",3133372
23.11.2021 18:10:00,"19,22","19,97","18,7","19,52",6193401
24.11.2021 18:10:00,"19,74","21,46","19,64","21,46",9958704
25.11.2021 18:10:00,"21,63","21,75","19,99","20,03",5125329
26.11.2021 18:10:00,"19,19","19,23","18,04","18,07",7449711
29.11.2021 18:10:00,"18,06","18,52","17,44","18,38",5037207
30.11.2021 18:10:00,18,"18,32","17,75",18,4688404
01.12.2021 18:10:00,"18,23","19,48","18,16","18,94",8922416
02.12.2021 18:10:00,"19,03","19,25","18,52","18,63",3494836
03.12.2021 18:10:00,"19,08","19,9","18,95","19,02",5802851
06.12.2021 18:10:00,"19,15","19,38","18,93","19,32",2894672
07.12.2021 18:10:00,"19,9","20,18","19,7","19,75",3766836
08.12.2021 18:10:00,"19,96","20,81","19,86","20,5",9099348
09.12.2021 18:10:00,"20,77","22,3","20,58","21,46",9215813
10.12.2021 18:10:00,"21,61","22,16","20,95","21,42",5682263
13.12.2021 18:10:00,"21,44","21,93","21,11","21,26",4348838
14.12.2021 18:10:00,"21,28","21,46","20,75","20,97",4682047
15.12.2021 18:10:00,"21,18","22,12","21,11","21,36",6106982
16.12.2021 18:10:00,"21,69","22,18","21,22","22,1",4471491
17.12.2021 18:10:00,"22,61","23,22","19,9","19,9",4654556
20.12.2021 18:10:00,"19,44","20,71","17,94","19,23",2387831
21.12.2021 18:10:00,"20,05","20,29","17,44","17,9",1710818
22.12.2021 18:10:00,"17,9","18,28","17,01","17,02",2598748
23.12.2021 18:10:00,"17,6","17,89","16,41","16,9",1997035
24.12.2021 18:10:00,"17,28","18,39","16,98","18,39",2452946
27.12.2021 18:10:00,"18,39","18,82","17,94","17,98",2318890
28.12.2021 18:10:00,"18,21","18,28","17,3","17,66",1339513
29.12.2021 18:10:00,"17,54","18,27","17,18","18,05",2011921
30.12.2021 18:10:00,"18,18","18,35","17,24","17,42",1577922
31.12.2021 18:10:00,"17,6","17,96","17,23","17,38",1356913
03.01.2022 18:10:00,"17,56","18,48","17,33","18,37",1960253
04.01.2022 18:10:00,"18,78","19,92","18,76","19,5",3661593
05.01.2022 18:10:00,"19,48","20,54","19,28","20,3",2622832
06.01.2022 18:10:00,"20,18","21,11","20,06","20,87",1992865
07.01.2022 18:10:00,"21,26","21,36","20,21","20,66",1907592
10.01.2022 18:10:00,"20,83","22,36","20,83","21,65",2855734
11.01.2022 18:10:00,"22,06","22,26","21,16","21,61",2410155
12.01.2022 18:10:00,"21,91","21,99","21,32","21,34",1799636
13.01.2022 18:10:00,"21,3","22,22","21,16","21,69",4159266
14.01.2022 18:10:00,"21,71","22,1","21,28","21,56",2198648
17.01.2022 18:10:00,"21,73","22,14","21,52","21,61",1633025
18.01.2022 18:10:00,"21,56","21,59","19,64","20,03",1893602
19.01.2022 18:10:00,"20,05","20,56","19,56","20,27",2971261
20.01.2022 18:10:00,"20,64","20,85","19,62","20,23",2511857
21.01.2022 18:10:00,"20,09","20,44","19,86","20,03",1456946
24.01.2022 18:10:00,"20,09","20,32","18,45","18,49",2774380
25.01.2022 18:10:00,"18,63","18,89","18,13","18,69",1551776
26.01.2022 18:10:00,"18,7","20,2","18,7","19,91",2646852
27.01.2022 18:10:00,"19,44","21,89","19,43","21,89",6479309
28.01.2022 18:10:00,"22,01","23,14","21,65","21,87",6269660
31.01.2022 18:10:00,"22,57","22,81","21,73","22,06",3682721
01.02.2022 18:10:00,"22,34","22,4","21,38","21,65",1812896
02.02.2022 18:10:00,"21,73","21,85","21,07","21,14",1397318
03.02.2022 18:10:00,"21,07","21,46","20,48","20,69",1506281
04.02.2022 18:10:00,"20,77","20,95","20,45","20,77",1494105
07.02.2022 18:10:00,"20,75","21,48","20,25","21,42",2577411
08.02.2022 18:10:00,"21,42","21,59","21,14","21,28",1816162
09.02.2022 18:10:00,"21,5","22,4","21,44","22,08",2675910
10.02.2022 18:10:00,"22,06","22,26","21,69","21,85",1416643
11.02.2022 18:10:00,"21,75","22,18","21,18","22,01",1989507
14.02.2022 18:10:00,"21,44","21,71","20,89","21,26",1993874
15.02.2022 18:10:00,"21,36","22,1","21,2","22,1",2060523
16.02.2022 18:10:00,"22,06","22,77","21,93","22,71",2269191
17.02.2022 18:10:00,"22,75","23,1","22,08","22,1",3682984
18.02.2022 18:10:00,"22,26","22,57","22,06","22,57",1861365
21.02.2022 18:10:00,"22,73","23,32","22,26","22,51",2791412
22.02.2022 18:10:00,"21,85","22,71","21,54","22,2",2054674
23.02.2022 18:10:00,"22,42","22,79","21,89","21,89",2951450
24.02.2022 18:10:00,"19,76","20,22","19,7","19,7",1575858
25.02.2022 18:10:00,"19,85","21,09","18,88","20,56",4411451
28.02.2022 18:10:00,"20,28","20,28","19,13","19,13",2560352
01.03.2022 18:10:00,"19,44","19,92","18,08","18,43",5039914
02.03.2022 18:10:00,"18,45","18,86","18,14","18,54",4662268
03.03.2022 18:10:00,"18,8","18,86","18,37","18,59",2801269
04.03.2022 18:10:00,"18,59","18,59","18,17","18,17",1414077
07.03.2022 18:10:00,"17,88","17,88","17,04","17,45",4822041
08.03.2022 18:10:00,"17,17","17,64","17,04","17,09",4294612
09.03.2022 18:10:00,"17,39","18,07","17,39","17,68",4555307
10.03.2022 18:10:00,18,"18,18","17,49","17,55",3518916
11.03.2022 18:10:00,"17,6","18,41","17,5","18,27",3959243
14.03.2022 18:10:00,"18,39","19,08","18,39","18,73",2584826
15.03.2022 18:10:00,"18,73","19,18","18,43","19,02",3658103
16.03.2022 18:10:00,"19,33","19,56","19,09","19,4",3634127
17.03.2022 18:10:00,"19,64","19,77","19,43","19,52",1791645
18.03.2022 18:10:00,"19,52","19,68","19,31","19,4",1891137
21.03.2022 18:10:00,"19,55","19,63","19,33","19,44",1574438
22.03.2022 18:10:00,"19,44","19,64","19,38","19,63",2198716
23.03.2022 18:10:00,"19,74","20,05","19,48","19,74",3158913
24.03.2022 18:10:00,"19,74","19,87","19,45","19,49",1695434
25.03.2022 18:10:00,"19,5","19,65","19,47","19,53",1292742
28.03.2022 18:10:00,"19,69","20,05","19,69","19,88",3294282
29.03.2022 18:10:00,20,"21,63",20,"21,14",7085466
30.03.2022 18:10:00,"21,22","21,91","20,79","21,89",3431973
31.03.2022 18:10:00,"21,79","22,47","21,56","22,04",3680919
01.04.2022 18:10:00,"22,1","22,51","21,71","21,89",2018131
04.04.2022 18:10:00,"21,93","22,16","21,69","22,04",2291200
05.04.2022 18:10:00,"22,14","22,69","21,93","22,22",4112542
06.04.2022 18:10:00,"22,28","22,42","21,89","22,01",1875652
07.04.2022 18:10:00,"22,14","22,26","21,95","22,2",1579308
08.04.2022 18:10:00,"22,34","22,73","22,26","22,38",2246845
11.04.2022 18:10:00,"22,38","24,35","22,24","24,02",5911849
12.04.2022 18:10:00,"24,02","25,29","23,88","25,12",6116110
13.04.2022 18:10:00,"25,17","25,68","24,43","24,94",3990905
14.04.2022 18:10:00,"25,43","25,57","24,86","24,94",2613696
15.04.2022 18:10:00,"24,98","25,55","24,82","25,06",1800868
18.04.2022 18:10:00,"25,33","25,55","24,94","25,17",2078613
19.04.2022 18:10:00,"25,27","26,19","25,25","25,88",5484110
20.04.2022 18:10:00,"25,9","26,05","25,17","25,57",2678723
21.04.2022 18:10:00,"25,62","26,5","25,41","26,39",2830230
22.04.2022 18:10:00,"26,29","28,38","26,03","27,66",5768008
25.04.2022 18:10:00,"27,7","27,85","26,41","26,66",4121749
26.04.2022 18:10:00,"27,01","28,11","25,76","26,15",4702319
27.04.2022 18:10:00,"26,45","27,29","25,74","27,21",3567731
28.04.2022 18:10:00,"27,46","28,3","27,21","27,62",2704226
29.04.2022 18:10:00,"27,62","28,09","27,15","27,35",2728091
05.05.2022 18:10:00,"27,7","28,07","27,46","27,58",2235151
06.05.2022 18:10:00,"27,58","27,6","26,84","27,27",1936650
09.05.2022 18:10:00,"27,27","27,81","27,01","27,35",2033600
10.05.2022 18:10:00,"27,5","27,6","26,93","27,15",575236
11.05.2022 18:10:00,"26,6","26,6","25,21","25,45",2807140
12.05.2022 18:10:00,"25,45","25,49","24,37","25,45",2876919
13.05.2022 18:10:00,"25,86","26,35","25,49","25,86",2316903
16.05.2022 18:10:00,"25,86","26,37","25,68","25,92",1633980
17.05.2022 18:10:00,26,"26,74","25,82","26,6",1926053
18.05.2022 18:10:00,"26,6","27,42","26,13","27,17",2127432
20.05.2022 18:10:00,"27,19","27,42","26,95","26,95",1141748
23.05.2022 18:10:00,"27,19","27,38","26,54","26,99",1268657
24.05.2022 18:10:00,"26,99","27,25","26,37","26,48",903370
25.05.2022 18:10:00,"26,58","26,86","26,25","26,76",929391
26.05.2022 18:10:00,"26,76","27,33","26,74","27,19",1654400
27.05.2022 18:10:00,"27,27","27,83","27,19","27,42",1817731
30.05.2022 18:10:00,"27,83","30,08","27,78","29,59",4711555
31.05.2022 18:10:00,"29,77","29,93","28,66","29,2",2265112
01.06.2022 18:10:00,"29,22","29,56","28,83","28,95",1353617
02.06.2022 18:10:00,"29,03","29,61","28,81","29,28",1558590
03.06.2022 18:10:00,"29,36","29,52","28,64","28,64",1052393
06.06.2022 18:10:00,"28,95","29,97","28,95","29,79",2460823
07.06.2022 18:10:00,"30,16","32,39","29,67","32,31",3537407
08.06.2022 18:10:00,"32,96","34,48","31,71","31,88",4090591
09.06.2022 18:10:00,"32,49","35,05","32,02","35,05",3874666
10.06.2022 18:10:00,"35,05","36,44","34,25","34,25",7679034
13.06.2022 18:10:00,"34,29","35,46","33,76","33,9",3572723
14.06.2022 18:10:00,"34,37","34,72","33,45","34,13",2326017
15.06.2022 18:10:00,"34,17","35,42","33,15","35,23",4220229
16.06.2022 18:10:00,"35,29","36,09","34,84","35,42",3351365
17.06.2022 18:10:00,"35,58","35,66","34,52","35,33",2907419
20.06.2022 18:10:00,"36,01","38,4","35,46","38,18",4344193
21.06.2022 18:10:00,"38,2","39,9","37,79","38,16",4097761
22.06.2022 18:10:00,"38,26","39,2","38,06","38,36",2881306
23.06.2022 18:10:00,"38,44","38,71","37,16","37,16",2030923
24.06.2022 18:10:00,"37,44","37,93","35,64","37,56",3613392
27.06.2022 18:10:00,"37,34","37,34","37,34","38,14",9720
28.06.2022 18:10:00,"38,46","38,55","36,09","36,11",2018061
29.06.2022 18:10:00,"36,21","36,3","34,39","34,39",2185191
30.06.2022 18:10:00,"34,41","35,56","33,78","34,99",2374473
01.07.2022 18:10:00,"35,38","37,71","35,15","37,65",2730739
04.07.2022 18:10:00,"38,26","38,61","36,52","36,93",1892262
05.07.2022 18:10:00,"37,01","37,24","35,6","36,32",2159932
06.07.2022 18:10:00,"36,52","38,1","36,34","37,56",2295473
07.07.2022 18:10:00,"37,63","37,99","36,89","37,01",1553371
08.07.2022 11:30:00,"37,13","37,5","36,71","36,73",727529
13.07.2022 18:10:00,"37,03","37,89","36,36","36,73",1935790
14.07.2022 18:10:00,"36,75","37,11","35,83","36,13",1469048
18.07.2022 18:10:00,"36,68","37,22","36,36","37,03",1592312
19.07.2022 18:10:00,"37,03","38,01","36,87","37,91",2117250
20.07.2022 18:10:00,"38,2","38,57","37,38","37,65",1629126
21.07.2022 18:10:00,"37,65","37,67","36,05","36,36",3063129
22.07.2022 18:10:00,"36,6","36,71","34,72","34,78",3083127
25.07.2022 18:10:00,"34,82","35,4","33,47","34,52",3269066
26.07.2022 18:10:00,"34,88","34,93","33,82","33,96",1686599
27.07.2022 18:10:00,"34,05","34,5","33,88","34,07",1359335
28.07.2022 18:10:00,"34,33","35,03","33,96","34,23",1505321
29.07.2022 18:10:00,"34,39","34,41",34,"34,35",1229537
01.08.2022 18:10:00,"34,56","35,07","34,41","34,97",1483056
02.08.2022 18:10:00,"35,23","35,72","34,68","35,07",2372781
03.08.2022 18:10:00,"35,25","36,28","35,17","35,5",2453385
04.08.2022 18:10:00,"35,8","35,99","35,46","35,56",1769942
05.08.2022 18:10:00,"35,7","36,3","35,46","35,87",2172967
08.08.2022 18:10:00,"36,07","36,28","35,48","36,01",1496498
09.08.2022 18:10:00,"36,15","37,69","36,07","36,73",3723586
10.08.2022 18:10:00,"36,79","37,01","35,95","36,52",1888581
11.08.2022 18:10:00,"37,11","37,4","36,62","37,16",2276520
12.08.2022 18:10:00,"37,24","37,48","36,5","36,6",1956316
15.08.2022 18:10:00,"36,85","37,4","36,52","37,4",1994753
16.08.2022 18:10:00,"38,46","40,72","38,26","40,51",8107608
17.08.2022 18:10:00,"40,92","43,62","40,12","43,31",4355005
18.08.2022 18:10:00,"43,31","44,48","42,37","44,48",3815470
19.08.2022 18:10:00,"45,01","46,14","43,66","43,66",2818482
22.08.2022 18:10:00,"43,44","44,34","42,84","43,15",1653208
23.08.2022 18:10:00,"43,17","43,78","42,29","42,37",1888050
24.08.2022 18:10:00,"42,39","43,85","41,49","41,49",4312474
25.08.2022 18:10:00,"41,86","42,72","41,43","42,43",1813534
26.08.2022 18:10:00,"42,66","42,76","40,94","41,7",2047097
29.08.2022 18:10:00,"41,74","41,9","41,08","41,9",1316103
31.08.2022 18:10:00,"42,66","43,6","42,25","42,7",3004080
01.09.2022 18:10:00,"42,66","43,68","41,12","42,15",2449895
02.09.2022 18:10:00,"42,35","43,07","42,05","42,43",1655199
05.09.2022 18:10:00,"42,76","45,4","42,76","44,52",3395607
06.09.2022 18:10:00,"44,7","45,93","43,17","44,89",3149733
07.09.2022 18:10:00,"44,89","48,9","44,6","47,79",5010083
08.09.2022 18:10:00,"48,37","51,85","48,08","49,76",4698194
09.09.2022 18:10:00,"49,78","51,27","49,35","49,35",2830679
12.09.2022 18:10:00,"49,82","53,67","49,82","51,66",3035885
13.09.2022 18:10:00,"52,07","54,46","49,1","49,1",4149759
14.09.2022 18:10:00,"49,17","51,62","46,71","51,5",2495851
15.09.2022 18:10:00,"51,76","52,81","51,05","52,44",2526535
16.09.2022 18:10:00,"52,44","54,32","52,13","52,58",2471136
19.09.2022 18:10:00,"53,2","53,32","49,49","49,51",1208774
20.09.2022 18:10:00,"49,62","52,54","49,62","50,37",2366243
21.09.2022 18:10:00,"50,43","50,78","46,55","48,72",3516667
22.09.2022 18:10:00,"48,72","50,43","47,77","49,64",2260794
23.09.2022 18:10:00,"50,62","53,73","50,62","52,01",3263994
26.09.2022 18:10:00,"52,01","52,07","49,94","50,54",1801397
27.09.2022 18:10:00,"51,23","52,05","49,49","49,74",2292955
28.09.2022 18:10:00,"49,41","50,21","48,12","49,21",1834195
29.09.2022 18:10:00,"49,41","50,43","46,96","48,53",2236243
30.09.2022 18:10:00,"48,94","49,17","47,24","48,74",1562924
03.10.2022 18:10:00,"49,41","52,48","49,23","51,93",3436706
04.10.2022 18:10:00,"52,48","56,29","52,03","55,96",4830697
05.10.2022 18:10:00,"56,67","57,78","55,96","57,21",3050596
06.10.2022 18:10:00,"57,62","57,64","55,63","56,08",2596012
07.10.2022 18:10:00,"56,31","56,67","54,85","55,43",1890208
10.10.2022 18:10:00,"55,86","56,16","54,38","55,16",2524558
11.10.2022 18:10:00,"55,55","56,04","53,87","53,91",1963598
12.10.2022 18:10:00,"53,93","55,49","53,48","54,34",3580208
13.10.2022 18:10:00,"54,42","56,35","54,4","56,02",3886617
14.10.2022 18:10:00,"57,88","59,85","57,1","59,09",4943148
17.10.2022 18:10:00,"59,74","64,82","59,62","64,53",4559661
18.10.2022 18:10:00,"66,19","66,39","62,89","63,43",3366083
19.10.2022 18:10:00,"63,96","65,9","63,63","65,53",2628647
20.10.2022 18:10:00,"65,64","68,7","65,1","67,58",3131520
21.10.2022 18:10:00,"67,72","69,63","67,03","67,21",2489253
24.10.2022 18:10:00,"68,09","68,54","65,92","66,56",2918301
25.10.2022 18:10:00,"66,78","67,33","65,47","65,47",2925017
26.10.2022 18:10:00,"65,88","67,93","65,76","66,41",2611521
27.10.2022 18:10:00,"66,56","66,92","64,8","66,29",2224307
28.10.2022 11:30:00,"66,27","66,33","63,67","64,82",1013709
31.10.2022 18:10:00,"65,06","66,66","64,24","65,51",3003696
01.11.2022 18:10:00,"66,29","67,44","66,09","67,19",2539228
02.11.2022 18:10:00,"67,19","67,33","65,62","65,7",1900619
03.11.2022 18:10:00,"66,29","72,26","66,15","71,71",4530862
04.11.2022 18:10:00,"71,75","72,69","70,3","71,41",4249189
07.11.2022 18:10:00,"72,63","73,82","71,79","73,51",3165753
08.11.2022 18:10:00,"74,06","79,67","73,06","77,75",4950342
09.11.2022 18:10:00,"77,75","81,66","77,4",80,4183589
10.11.2022 18:10:00,"80,59","80,96","78,4","79,04",4657341
11.11.2022 18:10:00,80,"80,96","77,52","77,83",4499724
14.11.2022 18:10:00,"76,66","77,75","74,92","76,81",3870572
15.11.2022 18:10:00,"77,79","80,02","77,44","77,75",3624690
16.11.2022 18:10:00,"77,75","78,59","74,88","75,19",2899052
17.11.2022 18:10:00,"75,19","78,28","71,45","76,23",2421621
18.11.2022 18:10:00,"73,04","75,58","68,3","70,85",13369607
21.11.2022 18:10:00,"70,85","72,63","68,85","69,6",6153567
22.11.2022 18:10:00,"70,14","70,75","68,75","70,69",9323958
23.11.2022 18:10:00,"72,63","75,46","72,53","74,99",9645659
24.11.2022 18:10:00,"76,11","77,26","75,17","75,87",4514146
25.11.2022 18:10:00,"75,97","78,16","74,37","77,91",4592796
28.11.2022 18:10:00,"79,04","79,3","76,95","77,3",4830309
29.11.2022 18:10:00,"78,16","79,32","77,03","79,08",4325604
30.11.2022 18:10:00,"79,81","81,41","78,89","80,2",4344354
01.12.2022 18:10:00,"81,25","84,25","80,94","83,48",6153823
02.12.2022 18:10:00,"84,09","85,34","82,86","84,6",4807355
05.12.2022 18:10:00,"85,46","91,46","82,47","88,37",7414394
06.12.2022 18:10:00,"88,37","88,76","85,48","86,55",3403736
07.12.2022 18:10:00,"86,71","89,27","83,27","85,69",4104502
08.12.2022 18:10:00,"85,71","87,14","84,11","85,28",3276730
09.12.2022 18:10:00,"85,54","90,02","84,93","90,02",3376644
12.12.2022 18:10:00,"90,43","98,39","90,43","96,96",3781552
13.12.2022 18:10:00,"98,21","100,83","96,45","96,57",4360321
14.12.2022 18:10:00,"96,98","99,44","94,12","96,16",4122359
15.12.2022 18:10:00,"98,21","99,35","93,4","95,2",4183600
16.12.2022 18:10:00,"96,35","96,69","94,52","94,71",685706
19.12.2022 18:10:00,"96,12","99,99","96,12","99,41",3897039
20.12.2022 18:10:00,"99,62","105,33","99,62","104,18",5514622
21.12.2022 18:10:00,"104,94","105,96","102,91","103,73",3300105
22.12.2022 18:10:00,"104,59","105,57","100,5","101,69",3275435
23.12.2022 18:10:00,"102,5","102,95","101,03","101,95",2136116
26.12.2022 18:10:00,"103,02","104,08","102,42","103,02",1653248
27.12.2022 18:10:00,"103,36","105,08","101,93","103,18",2738041
28.12.2022 18:10:00,"103,36","103,38","97,8","99,44",3661882
29.12.2022 18:10:00,"99,54","99,93","96,78","98,33",3528800
30.12.2022 18:10:00,"99,21","100,79","97,9","98,21",3392201
02.01.2023 18:10:00,"99,07","103,18","98,82","103,1",3238738
03.01.2023 18:10:00,"103,65","104,06","100,77","100,81",3979465
04.01.2023 18:10:00,"101,13","102,2","98,62","98,88",3323756
05.01.2023 18:10:00,"99,44","100,97","96,02","97,7",3937310
06.01.2023 18:10:00,"93,09","99,05",90,"97,88",3998544
09.01.2023 18:10:00,"98,94","100,25","94,44","95,9",3276104
10.01.2023 18:10:00,"95,85","96,1","91,58","93,05",2862350
11.01.2023 18:10:00,"93,62","95,88","87,57","87,57",3508132
12.01.2023 18:10:00,"90,45","92,48","85,93","91,95",4254725
13.01.2023 18:10:00,"91,95","97,59","91,09","95,59",3697352
16.01.2023 18:10:00,"96,12","101,05","95,06","100,68",3223563
17.01.2023 18:10:00,"100,74","103,24","99,54",103,3172023
18.01.2023 18:10:00,"103,43","106,39","103,26","105,57",3811366
19.01.2023 18:10:00,"105,37","108,93","104,65","107,82",4467415
20.01.2023 18:10:00,"107,99","108,48","105,53","106,8",2117800
23.01.2023 18:10:00,"108,03","110,26","105,45","106,94",2732095
24.01.2023 18:10:00,"106,9","108,23","103,14","105,68",3027840
25.01.2023 18:10:00,"106,8","109,46","102,81","109,36",5285560
26.01.2023 18:10:00,"109,38","114,06","106,6","112,37",4974767
27.01.2023 18:10:00,"111,51","112,26","108,03","111,22",4336867
30.01.2023 18:10:00,"111,36","111,67","104,16","104,16",3156956
31.01.2023 18:10:00,"103,73","105,02","99,64","101,09",3716226
01.02.2023 18:10:00,"101,5","103,69","98,78","98,88",3565977
02.02.2023 18:10:00,"98,9","102,59","90,74","99,62",5557276
03.02.2023 18:10:00,"99,66","108,36","98,74","107,52",3674982
06.02.2023 18:10:00,"102,3","106,29","100,77","104,26",808075
07.02.2023 18:10:00,"103,92","103,92","93,85","93,85",2612951
15.02.2023 18:10:00,"102,71","103,22","99,84","103,22",2683554
16.02.2023 18:10:00,"108,58","109,81","95,77","98,33",6726418
17.02.2023 18:10:00,"98,33","100,19","95,26","96,96",2723707
20.02.2023 18:10:00,"96,98","100,4","95,34","99,46",2810723
21.02.2023 18:10:00,"98,86","99,64","96,16","96,16",2132068
22.02.2023 18:10:00,"96,22","98,11","95,85","96,37",1850686
23.02.2023 18:10:00,"96,37","98,92","95,96","96,3",1626567
24.02.2023 18:10:00,"96,51","98,08","96,14","97,43",1535991
27.02.2023 18:10:00,"97,63","101,79","95,24","101,46",2889573
28.02.2023 18:10:00,"101,95","104,37","101,89","103,92",6188090
01.03.2023 18:10:00,"103,12","104,63","102,07","102,71",2293050
02.03.2023 18:10:00,"102,65","103,06","100,7","100,99",1393822
03.03.2023 18:10:00,"100,97","101,71","95,94","98,74",2247564
06.03.2023 18:10:00,"99,54","102,57","98,82","101,81",1981628
07.03.2023 18:10:00,"105,25","108,46","103,81","106,51",5250675
08.03.2023 18:10:00,"106,29","108,34","104,47","104,96",2659435
09.03.2023 18:10:00,"105,57","107,52","105,16","105,57",2077362
10.03.2023 18:10:00,"105,55","106,51","103,53","103,53",1590920
13.03.2023 18:10:00,"103,73","104,26","101,79","103,1",1419607
14.03.2023 18:10:00,"103,24","103,59","98,94","98,94",1385522
15.03.2023 18:10:00,"99,09","101,52","98,7","100,83",1675546
16.03.2023 18:10:00,"100,89","101,79","99,31","101,56",1495367
17.03.2023 18:10:00,"102,4","103,81","100,97","102,81",1977855
20.03.2023 18:10:00,"102,3","103,53","98,39","98,49",1654147
21.03.2023 18:10:00,"98,51","99,99","95,75","97,37",1650375
22.03.2023 18:10:00,"97,63","98,9",97,"98,45",1202582
23.03.2023 18:10:00,"98,72","99,97","97,88","99,25",1091780
24.03.2023 18:10:00,"99,44","100,54","97,57","99,05",1207272
27.03.2023 18:10:00,"99,64","100,05","96,61","96,61",886761
28.03.2023 18:10:00,"96,67","96,84","92,48","92,68",1480353
29.03.2023 18:10:00,"92,68","95,28","90,45",95,1591996
30.03.2023 18:10:00,"95,06","95,45","93,3","94,63",1294789
31.03.2023 18:10:00,"94,12","94,12","92,11","92,68",930218
03.04.2023 18:10:00,"92,7","94,65","89,27","93,42",1705101
04.04.2023 18:10:00,"93,56","98,41","93,01","97,84",1745613
05.04.2023 18:10:00,"99,23","101,56","98,58","99,17",2342303
06.04.2023 18:10:00,"99,15","101,36","98,7","99,72",1409839
07.04.2023 18:10:00,"99,72","100,52","99,27","99,86",690299
10.04.2023 18:10:00,"100,56","103,32","100,34","102,97",1634937
11.04.2023 18:10:00,"103,75","104,12","102,42","103,06",1315313
12.04.2023 18:10:00,"103,32","104,59","102,69","103,24",1457434
13.04.2023 18:10:00,"103,94","105,88","103,12","103,61",1952385
14.04.2023 18:10:00,"103,92","103,92","101,34","101,67",1173494
17.04.2023 18:10:00,"102,3","102,36","99,23","99,93",1157614
18.04.2023 18:10:00,"99,93","101,03","98,9","99,64",873365
19.04.2023 18:10:00,"99,64","100,05","97,88","98,6",971539
20.04.2023 12:40:00,"98,56","99,17","97,63","98,62",327540
24.04.2023 18:10:00,"98,82","99,74","98,43","98,68",834156
25.04.2023 18:10:00,"98,8","98,88","95,67","96,37",907726
26.04.2023 18:10:00,"96,37","97,18","93,09","94,18",1467083
27.04.2023 18:10:00,"94,18","94,65","91,8","92,48",1572005
28.04.2023 18:10:00,"92,34","93,15","89,41","90,78",1283959
02.05.2023 18:10:00,"90,88","91,46","87,98","88,61",1215410
03.05.2023 18:10:00,89,"89,59","85,05","86,48",1438074
04.05.2023 18:10:00,"86,48","90,51","86,28","88,82",1250149
05.05.2023 18:10:00,"88,84","90,43","87,61","89,59",886055
08.05.2023 18:10:00,"90,84","92,32","86,34","91,64",1050846
09.05.2023 18:10:00,"91,64","93,07","87,94","87,98",1534596
10.05.2023 18:10:00,"88,8",89,"86,71","86,81",935373
11.05.2023 18:10:00,"86,18","94,2","85,83","92,7",3125511
12.05.2023 18:10:00,"92,89","93,79","87,63","88,76",2190948
15.05.2023 18:10:00,"83,89","89,33","82,45","82,99",1612830
16.05.2023 18:10:00,"83,48","89,72","83,48","88,86",2708509
17.05.2023 18:10:00,"89,08","91,46","88,82","90,31",1866402
18.05.2023 18:10:00,"90,23","90,74","86,18","86,55",1385775
22.05.2023 18:10:00,"87,34","88,35","84,5","85,3",1809108
23.05.2023 18:10:00,"85,32","86,01","84,5","84,5",847198
24.05.2023 18:10:00,"84,6","85,36","83,17","83,17",818479
25.05.2023 18:10:00,"83,33","84,91","82,66","83,17",941867
26.05.2023 18:10:00,"83,37","89,72","83,37","88,49",1959704
29.05.2023 18:10:00,"90,82","94,5","90,82","93,05",1877557
30.05.2023 18:10:00,"94,52","96,73","93,28","95,14",1967487
31.05.2023 18:10:00,"95,1","96,45","92,58","93,87",2145919
01.06.2023 18:10:00,"94,3","96,12","94,16","94,85",1637491
02.06.2023 18:10:00,"96,94","98,6","95,94","98,02",2055361
05.06.2023 18:10:00,"100,83","107,74","100,83","106,9",3949930
06.06.2023 18:10:00,"106,9","108,64","105,23","107,8",2737217
07.06.2023 18:10:00,"110,34","114,76","110,32","111,81",2530557
08.06.2023 18:10:00,"111,71","112,59","108,95","110,77",1661900
09.06.2023 18:10:00,"112,22","119,2","110,09","118,71",3607830
12.06.2023 18:10:00,"119,12","127,85","118,97","121,92",4509261
13.06.2023 18:10:00,"121,9","121,92","116,01","117,03",2584070
14.06.2023 18:10:00,"117,03","120,02","115,31","117,17",2741639
15.06.2023 18:10:00,"117,71","121,04","117,17","120,1",2831924
16.06.2023 18:10:00,"120,49","122,98","119,69","120,57",1860200
19.06.2023 18:10:00,"120,57","123,84","116,05","116,05",2889818
20.06.2023 18:10:00,"115,8","116,42","112,45","113,14",2070761
21.06.2023 18:10:00,"113,68","115,48","111,83","113,08",1505931
22.06.2023 18:10:00,"113,23","121,86","112,63","121,72",3156507
23.06.2023 18:10:00,"124,27","125,32","120,51","123,46",2247568
26.06.2023 18:10:00,"123,54","126,4","123,54","125,13",2180275
27.06.2023 12:40:00,"125,11","126,24","123,91","126,24",659097
03.07.2023 18:10:00,"130,96","136,67","130,94","134,52",2945593
04.07.2023 18:10:00,"134,52","134,97","131,07","132,17",2472556
05.07.2023 18:10:00,"132,99","136,57","130,33","136,49",2712962
06.07.2023 18:10:00,"136,96","140,85","136,77","137,49",2174513
07.07.2023 18:10:00,"137,45","140,33","136,08","139,66",1898952
10.07.2023 18:10:00,"141,17","141,19","137,39","138,43",2082524
11.07.2023 18:10:00,"141,09","141,15","137,33","138,84",1375222
12.07.2023 18:10:00,"138,92","139,13","135,89","136,02",1399664
13.07.2023 18:10:00,"138,51","142,26","137,9","141,85",3215769
14.07.2023 18:10:00,"144,24","148,01","143,89","145,67",3043948
17.07.2023 18:10:00,"145,72","147,9","144,67","146,49",1800952
18.07.2023 18:10:00,"146,7","147,72","143,51","143,71",2235987
19.07.2023 18:10:00,"143,65","151,14","142,4","149,71",2965520
20.07.2023 18:10:00,"150,18","153,08","149,36","151,4",2321236
21.07.2023 18:10:00,"151,4","153,06","149,68","152,94",1681088
24.07.2023 18:10:00,"152,98","157,4","151,32","154,98",2025402
25.07.2023 18:10:00,"154,96","156,87","152,43","154,68",1810206
26.07.2023 18:10:00,"153,45","160,39","153,04","159,75",1828124
27.07.2023 18:10:00,"160,57","166,75","159,2","166,75",2075463
28.07.2023 18:10:00,"166,95","179,04","166,95","174,97",2368262
31.07.2023 18:10:00,"174,99","177,31","172,03","172,4",2169722
01.08.2023 18:10:00,"172,4","173,66","166,56","168,16",2328159
02.08.2023 18:10:00,"168,16","170,84","166,73","167,98",2150133
03.08.2023 18:10:00,"168,55","171,62","166,89","167,51",2152343
04.08.2023 18:10:00,"167,77","172,48","167,1","171,86",2455388
07.08.2023 18:10:00,"173,32","188,25","173,32","188,23",3066810
08.08.2023 18:10:00,"188,64","193,45","185,61","188,85",2520801
09.08.2023 18:10:00,"188,85","191,28","183,48","187,82",2403636
10.08.2023 18:10:00,"188,44","199,32","188,44","190,42",3273733
11.08.2023 18:10:00,"190,48","197,03","189,68","195,6",2166348
14.08.2023 18:10:00,"198,46","200,41","192,32","192,32",2870030
15.08.2023 18:10:00,"199,48","199,89","185,47","188,52",3303424
16.08.2023 18:10:00,"188,64","189,68","183,44","184,81",2080068
17.08.2023 18:10:00,"184,98","194,98","184,36","193,71",2434516
18.08.2023 18:10:00,"194,78","195,78","183,01","184,12",2090008
21.08.2023 18:10:00,"183,53","188,58","180,05","187,72",2166047
22.08.2023 18:10:00,"188,23","190,48","182,91","184,65",1874621
23.08.2023 18:10:00,"185,84","185,98","173,7","173,7",2544226
24.08.2023 18:10:00,"174,69","180,64","168,59","169,27",3064567
25.08.2023 18:10:00,"170,02","176,98","163,35","174,24",3917854
28.08.2023 18:10:00,"175,34","183,71","175,34","182,5",2490828
29.08.2023 18:10:00,"182,65","183,53","177,06","178,66",1347077
31.08.2023 18:10:00,"182,91","182,91","175,69",179,1444251
01.09.2023 18:10:00,"179,02","183,51","175,2","182,42",1978401
04.09.2023 18:10:00,"184,06","187,45","180,66","182,73",2046628
05.09.2023 18:10:00,"182,73","185,45","177,67","179,68",1969656
06.09.2023 18:10:00,"179,66","180,13","177,1","177,98",1747171
07.09.2023 18:10:00,"177,98","178,53","174,54","176,75",1530684
08.09.2023 18:10:00,"177,67","180,7","173,5","173,5",2125697
11.09.2023 18:10:00,"174,13","174,73","169,84","169,84",1467860
12.09.2023 18:10:00,"170,43","175,96","169,53","171,25",1975715
13.09.2023 18:10:00,"172,48","175,32","169,35","171,78",1798104
14.09.2023 18:10:00,"172,93","174,32","167,26","174,32",1821542
15.09.2023 18:10:00,"172,56","172,56","164,31","164,31",2791943
18.09.2023 18:10:00,"164,13","164,44","155,17","155,17",2160819
19.09.2023 18:10:00,"155,7","158,67","152,02","154,15",2217155
20.09.2023 18:10:00,"159,59","161,43","154,25","154,47",2820775
21.09.2023 18:10:00,"154,27","158,75","151,14","158,11",2402487
22.09.2023 18:10:00,"159,55","159,63","155,11","156,97",1353784
25.09.2023 18:10:00,"157,54","164,91","155,72","163,68",2267123
26.09.2023 18:10:00,"165,11","167,94","162,41","162,64",1862303
27.09.2023 18:10:00,"164,7","171,15","161,45","163,95",2908101
28.09.2023 18:10:00,"164,23","172,89","163,82","169,63",3592385
29.09.2023 18:10:00,"170,59","173,15","167,94","168,63",2119095
02.10.2023 18:10:00,"169,35","174,67","168,49","172,48",2709820
03.10.2023 18:10:00,"172,62","173,03","169,49","169,57",1758674
04.10.2023 18:10:00,"169,69","170,43","163,45","163,72",2049471
05.10.2023 18:10:00,"165,11","166,61","158,36","164,52",2934740
06.10.2023 18:10:00,"162,72","165,5","161,61","163,07",1461117
09.10.2023 18:10:00,"161,16","161,16","152,53","153,31",2582588
10.10.2023 18:10:00,"156,27","158,18","154,72","157,01",1875587
11.10.2023 18:10:00,"156,11","156,46","152,94","153,2",1363544
12.10.2023 18:10:00,"155,02","156,29","145,27","148,85",2464857
13.10.2023 18:10:00,"149,07","151,73","147,54","148,76",2389306
16.10.2023 18:10:00,"154,06","154,19","147,13","148,54",2808035
17.10.2023 18:10:00,"148,66","152,94","148,36","150,79",2019312
18.10.2023 18:10:00,"149,32","149,32","144,92","145,35",1906283
19.10.2023 18:10:00,"145,47","148,83","144,86","145,12",1823716
20.10.2023 18:10:00,"142,46","143,3","138,1","139,56",1859825
23.10.2023 18:10:00,"142,71","149,05","142,3","146,94",2872274
24.10.2023 18:10:00,"148,33","151,24","146,72","149,95",2240477
25.10.2023 18:10:00,"151,4","154,6","139,82","139,82",2576272
26.10.2023 18:10:00,"141,11","147,27","137,9","146,12",3293325
27.10.2023 18:10:00,"146,12","146,23","140,95","145,49",1704826
30.10.2023 18:10:00,"145,18","149,21","144,12","145,47",1643490
31.10.2023 18:10:00,"146,29","148,5","144,04","144,24",1822148
01.11.2023 18:10:00,"145,57","146,51","140,11","143,73",1625675
02.11.2023 18:10:00,"146,25","148,95","145,25","145,67",2062526
03.11.2023 18:10:00,"145,88","147,05","143,51","146,17",1576998
06.11.2023 18:10:00,"149,56","150,18","147,72","148,74",1065522
07.11.2023 18:10:00,"148,74","154,06","147,62","153,24",1830622
08.11.2023 18:10:00,"155,19","158,87","155,19","156,72",2067031
09.11.2023 18:10:00,"154,88","155,09","150,18","151,3",2711025
10.11.2023 18:10:00,"151,92","151,92","147,52","147,93",1452968
13.11.2023 18:10:00,"148,95","150,07","143,01","143,22",3127866
14.11.2023 18:10:00,"144,04","145,57","142,61","144,24",1804450
15.11.2023 18:10:00,"145,57","145,98","142,91","143,22",1366550
16.11.2023 18:10:00,"143,32","146,8","143,22","146,19",1787159
17.11.2023 18:10:00,"146,29","150,79","145,98","150,59",2271890
20.11.2023 18:10:00,"153,04","154,68","150,99","151,3",1726110
21.11.2023 18:10:00,"152,84","155,39","150,79","154,47",3072878
22.11.2023 18:10:00,"154,47","155,7","150,79","150,99",1826065
23.11.2023 18:10:00,"150,99","152,94","148,33","148,33",2146217
24.11.2023 18:10:00,"148,23","150,48","147,62","148,64",1695789
27.11.2023 18:10:00,"149,26","150,38","147,52","148,95",1568050
28.11.2023 18:10:00,"149,56","151,92","148,13","149,36",1780906
29.11.2023 18:10:00,"149,87","150,07","146,19","146,29",1312418
30.11.2023 18:10:00,"146,29","147,52","144,24","144,24",1625237
01.12.2023 18:10:00,"146,9","148,33","144,96","146,19",1655772
04.12.2023 18:10:00,147,"148,23","145,16",147,1583443
05.12.2023 18:10:00,"147,11","147,72","144,65","145,27",1220002
06.12.2023 18:10:00,"145,27","145,57","141,17","141,17",1372202
07.12.2023 18:10:00,"141,38","145,78","140,56","145,78",1637318
08.12.2023 18:10:00,"146,19","146,6","144,14","146,19",1218968
11.12.2023 18:10:00,"146,29","146,49","138,31","138,31",2598828
12.12.2023 18:10:00,"138,51","139,64","136,57","137,8",1965627
13.12.2023 18:10:00,"137,49","138,31","133,09","133,09",1743906
14.12.2023 18:10:00,"135,65","138,92","133,91","138,62",1722879
15.12.2023 18:10:00,"139,03","144,14","138,72","143,83",1629730
18.12.2023 18:10:00,"143,01","143,12","137,9","138,1",1256501
19.12.2023 18:10:00,"137,9","138,92","135,14","136,37",1503803
20.12.2023 18:10:00,"136,37","137,39","135,24","135,44",1100612
21.12.2023 18:10:00,"135,44","141,17","135,44","140,36",1611064
22.12.2023 18:10:00,"140,76","140,97","135,75","136,37",1228245
25.12.2023 18:10:00,"136,26","136,67","131,56","131,97",1085938
26.12.2023 18:10:00,"132,68","135,65","131,15","131,25",1545479
27.12.2023 18:10:00,"131,25","132,99","130,53","130,74",1418657
28.12.2023 18:10:00,"131,66","133,91","131,35","132,58",1538732
29.12.2023 18:10:00,"133,09","135,34","132,17","132,89",1548406
02.01.2024 18:10:00,"133,19","137,18","133,19","136,98",2035392
03.01.2024 18:10:00,"137,39","137,49","132,58","132,89",1528340
04.01.2024 18:10:00,"133,3","138,62","132,58","138,1",2393949
05.01.2024 18:10:00,"138,51","145,06","137,59","144,96",3216669
08.01.2024 18:10:00,"145,27","148,23","143,94","145,98",2212151
09.01.2024 18:10:00,"147,31","149,26","141,69","142,3",2806682
10.01.2024 18:10:00,"142,3","146,19","142,2","145,47",1864341
11.01.2024 18:10:00,"147,41","149,05","144,75","145,57",2041717
12.01.2024 18:10:00,"145,47","148,44","142,81","146,29",2594027
15.01.2024 18:10:00,"146,49","150,07","146,39","149,77",2801150
16.01.2024 18:10:00,"150,18","150,28","146,8","147,93",1984438
17.01.2024 18:10:00,"147,21","148,54","146,29","146,9",2074755
18.01.2024 18:10:00,"148,54","148,85","145,98","145,98",1865614
19.01.2024 18:10:00,"146,9","147,41","144,55","145,88",1717429
22.01.2024 18:10:00,"145,98","148,85","145,16","146,6",2384684
23.01.2024 18:10:00,"148,33","148,95","144,55","145,27",2373203
24.01.2024 18:10:00,"145,78","149,26","145,16","147,62",2733679
25.01.2024 18:10:00,"148,54","150,07","147,82","149,26",1985552
26.01.2024 18:10:00,"149,56","152,53","148,95","152,53",3544878
29.01.2024 18:10:00,"153,14","157,95","152,84","155,6",5024437
30.01.2024 18:10:00,"156,31","157,23","154,06","154,47",2437216
31.01.2024 18:10:00,"154,68","155,6","152,43","153,96",2144743
01.02.2024 18:10:00,"154,37","157,44","154,06","155,9",3135314
02.02.2024 18:10:00,"157,34","160,41","155,8","157,03",3877773
05.02.2024 18:10:00,"157,54","161,02","157,44","160,82",3198061
06.02.2024 18:10:00,"161,43","162,86","159,38","161,22",2752506
07.02.2024 18:10:00,"162,35","162,35","158,97","158,97",1697087
08.02.2024 18:10:00,"158,97","162,15","158,97","161,43",2947358
09.02.2024 18:10:00,"162,66","164,7","161,74","164,09",2348018
12.02.2024 18:10:00,"165,52","166,44","163,37","164,5",2759274
13.02.2024 18:10:00,"165,73","165,73","159,08","159,18",2184260
14.02.2024 18:10:00,"160,61","166,75","160,41","166,34",4004359
15.02.2024 18:10:00,"166,44","177,9","166,24","174,63",5967147
16.02.2024 18:10:00,"174,73","176,06","170,53","172,07",2758785
19.02.2024 18:10:00,"173,91","174,32","167,87","168,08",2309385
20.02.2024 18:10:00,"168,59","171,35","167,67","169,61",2536017
21.02.2024 18:10:00,"171,25","173,3","167,26","169,61",2566168
22.02.2024 18:10:00,"170,02","173,09","169,92","171,35",3082310
23.02.2024 18:10:00,"171,86","175,75","171,45","174,32",3533424
26.02.2024 18:10:00,"175,44","177,59","174,01","174,93",3450413
27.02.2024 18:10:00,"175,03","175,14","169,51","169,51",2165990
28.02.2024 18:10:00,"169,51","177,39","167,87","175,03",5494588
29.02.2024 18:10:00,"175,96","180,97","174,52","175,44",7344931
01.03.2024 18:10:00,"176,06","176,88","170,53","170,53",2345782
04.03.2024 18:10:00,"171,05","173,5","168,39","171,05",2577956
05.03.2024 18:10:00,"171,45","172,27","163,17","163,68",4342980
06.03.2024 18:10:00,"163,17","164,4","159,59","159,89",2673844
07.03.2024 18:10:00,"162,86","165,73","162,35","165,52",2489489
08.03.2024 18:10:00,"166,13","166,75","163,07","166,34",2853801
11.03.2024 18:10:00,"169,2","170,33","164,5","164,7",1883860
12.03.2024 18:10:00,"164,7","166,54","162,04","163,37",1766788
13.03.2024 18:10:00,"164,5","166,54","162,86","162,86",2629378
14.03.2024 18:10:00,"163,68","164,6","162,15","162,76",1715031
15.03.2024 18:10:00,"163,37","164,5","161,02","162,15",1786031
18.03.2024 18:10:00,"162,66","162,76","158,56","158,56",1671822
19.03.2024 18:10:00,"158,56","162,04","158,05","161,74",2141078
20.03.2024 18:10:00,"162,25","164,19","160,82","161,53",1842982
21.03.2024 18:10:00,"163,17","166,03","162,25","165,32",2824025
22.03.2024 18:10:00,"165,73","169,1","165,01","166,44",2748634
25.03.2024 18:10:00,"166,24","169,31","163,68","163,68",2440567
26.03.2024 18:10:00,"163,99","165,93","159,59","160,82",2050841
27.03.2024 18:10:00,"161,63","163,37","159,89","161,94",1701544
28.03.2024 18:10:00,"162,25","167,16","162,25","167,06",2441329
29.03.2024 18:10:00,"167,46","167,87","164,5","166,34",1897249
01.04.2024 18:10:00,"167,77","169,92","164,6","168,28",3008727
02.04.2024 18:10:00,"169,2","170,84","163,88","164,5",2323455
03.04.2024 18:10:00,"164,5","166,85","163,68","165,11",2021187
04.04.2024 18:10:00,"165,52","166,34","162,25","162,35",2755686
05.04.2024 18:10:00,"164,7","173,6","164,29","173,6",3246082
08.04.2024 18:10:00,"174,93","179,02","174,52","179,02",2094615
09.04.2024 12:40:00,"179,02","180,97","177,39","180,46",977213
15.04.2024 18:10:00,"177,08",178,"172,89","173,09",2885255
16.04.2024 18:10:00,"172,27","173,5","170,33","171,45",2425960
17.04.2024 18:10:00,"172,99","175,44","171,66","171,76",2710632
18.04.2024 18:10:00,"173,81","180,87","173,6","178,82",4663773
19.04.2024 18:10:00,"176,16","182,09","174,83","181,07",3002867
22.04.2024 18:10:00,"184,96","194,16","184,96","188,54",3800151
24.04.2024 18:10:00,"191,71","199,28","188,03","198,05",4558105
25.04.2024 18:10:00,"197,34","201,12","194,98","197,13",3263399
26.04.2024 18:10:00,"198,15","200,81","195,9","199,28",2738338
29.04.2024 18:10:00,"200,61","209,1","200,41","208,69",2876107
30.04.2024 18:10:00,"209,51","213,19","206,65","211,56",3018623
02.05.2024 18:10:00,"213,81","214,83","206,85","211,76",3305024
03.05.2024 18:10:00,"213,81","220,56","207,67","212,58",4569398
06.05.2024 18:10:00,"212,37","214,01","208,9","210,33",2255196
07.05.2024 18:10:00,"210,74","214,42","208,9","213,4",3017368
08.05.2024 18:10:00,"213,6","216,26","210,74","211,35",2037053
09.05.2024 18:10:00,"201,74","203,88","197,13","202,55",5808331
10.05.2024 18:10:00,"203,99","209,92","202,45","204,8",3326403
13.05.2024 18:10:00,"207,05","207,46","201,12","201,12",2520505
14.05.2024 18:10:00,202,"206,9","199,3",204,9311145
15.05.2024 18:10:00,"204,1","205,2","201,5","201,6",6950661
16.05.2024 18:10:00,"201,9","203,1","195,5","202,2",13072010
17.05.2024 18:10:00,"203,1","212,7","202,7",212,14863817
20.05.2024 18:10:00,212,"220,2",210,"216,5",12662247
21.05.2024 18:10:00,"218,6",225,"214,5","217,5",18060889
22.05.2024 18:10:00,220,220,"215,4",218,6211101
23.05.2024 18:10:00,217,"220,4",215,"215,9",6882594
24.05.2024 18:10:00,215,"216,8","211,5","212,2",5650862
27.05.2024 18:10:00,213,"214,3","207,5","210,5",6490918
28.05.2024 18:10:00,"210,6","211,5","206,8","209,9",6018738
29.05.2024 18:10:00,"209,5","212,5","204,6","204,6",5519275
30.05.2024 18:10:00,"205,2","208,8","203,3","206,3",6313396
31.05.2024 18:10:00,207,"210,5","199,8","201,8",9333091
03.06.2024 18:10:00,"204,1","210,6","202,8","210,4",9238356
04.06.2024 18:10:00,212,"215,5","208,3","209,3",9793367
05.06.2024 18:10:00,"209,4","210,9","202,3",210,8554552
06.06.2024 18:10:00,"212,3","212,4","204,5","205,3",5480105
07.06.2024 18:10:00,206,"206,8","202,9","205,7",5137212
10.06.2024 18:10:00,"204,7","204,7","198,1","198,4",5709521
11.06.2024 18:10:00,"200,7","214,5","200,7",210,17745594
12.06.2024 18:10:00,"209,6",229,208,226,22744238
13.06.2024 18:10:00,"229,9","230,9","224,3","228,8",13625501
14.06.2024 18:10:00,"232,5","237,9","229,9","230,3",13552384
20.06.2024 18:10:00,"234,9","236,7","230,1","233,2",7064080
21.06.2024 18:10:00,"233,2","239,9","230,6",238,10660824
24.06.2024 18:10:00,"238,2",239,"232,6","236,9",6510431
25.06.2024 18:10:00,237,"238,5","231,4","235,4",7130631
26.06.2024 18:10:00,"235,5","236,5","226,5","226,5",8160944
27.06.2024 18:10:00,"227,1","230,4","225,2","227,7",6846744
28.06.2024 18:10:00,"228,8","229,7","223,4","227,9",8109373
01.07.2024 18:10:00,"230,1","230,1","217,1","219,2",7162998
02.07.2024 18:10:00,"218,9","220,3","215,9","219,6",5440810
03.07.2024 18:10:00,220,"226,6","218,3","224,3",7255767
04.07.2024 18:10:00,"224,9",230,"223,4","229,8",8101925
05.07.2024 18:10:00,231,"233,6","228,8","232,5",7918697
08.07.2024 18:10:00,"232,7",235,"228,6","232,3",7509416
09.07.2024 18:10:00,"234,4","242,2","234,1","238,9",11717620
10.07.2024 18:10:00,"241,2","248,2","239,4","245,6",12081753
11.07.2024 18:10:00,"247,1",252,"243,4",252,9641347
12.07.2024 18:10:00,"251,75","254,5","248,8","251,75",5362305
16.07.2024 18:10:00,"251,75","258,5","249,7",257,7578039
17.07.2024 18:10:00,"257,25",260,"253,5","255,25",7557813
18.07.2024 18:10:00,"256,75",259,"248,1","248,1",9270964
19.07.2024 18:10:00,248,"249,7","243,5","247,6",6126067
22.07.2024 18:10:00,"247,6","247,6","240,7","241,9",6110824
23.07.2024 18:10:00,"241,5","242,6","233,2",236,8757238
24.07.2024 18:10:00,"235,7","240,5","232,5","234,5",8829669
25.07.2024 18:10:00,"234,2","236,4","230,5","232,5",5165997
26.07.2024 18:10:00,"235,9","236,2","231,5","234,7",4030382
29.07.2024 18:10:00,"231,1","233,5","227,2",229,4907608
30.07.2024 18:10:00,"229,1","232,8","226,1","226,1",5270956
31.07.2024 18:10:00,"223,9","224,3","219,2",224,6670725
01.08.2024 18:10:00,229,"236,1","227,3",234,8434894
02.08.2024 18:10:00,"231,1","233,5","227,5",232,6643428
05.08.2024 18:10:00,213,"224,5",213,218,7289787
06.08.2024 18:10:00,227,227,"215,8","215,8",6896790
07.08.2024 18:10:00,"218,9","225,5","218,2","223,7",7455595
08.08.2024 18:10:00,"223,7","228,4","221,7","228,4",8858079
09.08.2024 18:10:00,231,234,"226,4",232,9636661
12.08.2024 18:10:00,"238,2","238,2",225,"230,7",13392460
13.08.2024 18:10:00,"231,2","236,5","227,2","235,5",13578702
14.08.2024 18:10:00,"236,1","237,6",228,228,7750272
15.08.2024 18:10:00,"227,6","227,6","217,7","225,5",11699641
16.08.2024 18:10:00,"229,3","230,4","218,1","218,1",8818450
19.08.2024 18:10:00,220,"222,2","216,2","221,5",6169496
20.08.2024 18:10:00,221,"225,7","219,5","220,2",6661978
21.08.2024 18:10:00,"220,3","222,4","217,8","218,5",4193423
22.08.2024 18:10:00,"219,6","222,4","215,2","216,2",5952981
23.08.2024 18:10:00,"216,5","217,7","211,8","211,8",5831608
26.08.2024 18:10:00,213,"214,6","208,2","208,6",6234986
27.08.2024 18:10:00,"208,2","222,2","207,3",221,9996710
28.08.2024 18:10:00,221,"227,8","220,1","226,2",7296103
29.08.2024 18:10:00,"226,2","228,3","222,9","227,3",6684189
02.09.2024 18:10:00,"229,3",239,229,237,8155512
03.09.2024 18:10:00,"237,3","238,7","232,1","233,3",5521960
04.09.2024 18:10:00,"232,3","234,3","227,8","234,3",4416565
05.09.2024 18:10:00,"236,3",238,"226,8","228,5",7092881
06.09.2024 18:10:00,"228,6","231,8","227,1","228,1",4440260
09.09.2024 18:10:00,"226,9","236,5","225,1","233,7",8685721
10.09.2024 18:10:00,"233,7","237,1","228,5","232,2",8070209
11.09.2024 18:10:00,232,"234,4","225,7","225,9",7268184
12.09.2024 18:10:00,231,"241,4",231,"237,9",14429388
13.09.2024 18:10:00,"239,1","245,2","235,2","245,2",8412751
16.09.2024 18:10:00,"245,2","246,2","238,2",239,5369345
17.09.2024 18:10:00,"240,5",248,"240,5",244,8345568
18.09.2024 18:10:00,"243,9","249,5","241,4","249,2",7129772
19.09.2024 18:10:00,"250,5",254,"248,3","253,25",6604472
20.09.2024 18:10:00,"252,75","255,5","251,25","253,25",4017875
23.09.2024 18:10:00,"255,75","257,25","244,6","245,7",5858682
24.09.2024 18:10:00,246,"249,9","242,2","244,8",10713483
25.09.2024 18:10:00,"245,7","248,5","240,6","241,1",5282040
26.09.2024 18:10:00,"243,5","248,2",240,"242,7",8601435
27.09.2024 18:10:00,"243,9",247,"241,3","244,7",6469006
30.09.2024 18:10:00,"243,2","244,2","235,7","239,3",5835171
01.10.2024 18:10:00,"239,1","241,3","227,9","232,8",8272446
02.10.2024 18:10:00,231,"232,3",225,"225,1",4727834
03.10.2024 18:10:00,"223,5","233,1","221,2","225,5",6984782
04.10.2024 18:10:00,227,235,"224,4",235,5661177
07.10.2024 18:10:00,"235,3","235,7",227,227,4966423
08.10.2024 18:10:00,"227,1","233,7","225,4","230,4",5750378
09.10.2024 18:10:00,"229,8","232,7","226,4","232,7",3985145
10.10.2024 18:10:00,"232,7","233,6","224,5","224,5",4492787
11.10.2024 18:10:00,226,"230,4",224,"225,1",6639192
14.10.2024 18:10:00,"225,7","225,9","219,5","223,2",4923482
15.10.2024 18:10:00,"223,5","234,4","223,1","233,5",7113358
16.10.2024 18:10:00,"233,1",235,"228,6","234,5",4871270
17.10.2024 18:10:00,"234,4","241,6","233,6","240,9",8251893
18.10.2024 18:10:00,"240,9","242,4","236,1","236,6",5246839
21.10.2024 18:10:00,"236,6","246,4","236,5","239,5",6921418
22.10.2024 18:10:00,240,245,"237,6","243,7",7369843
23.10.2024 18:10:00,"244,1","244,8","235,9","237,5",6039000
24.10.2024 18:10:00,"239,7","242,4","235,6",238,5453562
25.10.2024 18:10:00,"237,9","238,7","234,8","236,3",4444053
28.10.2024 12:40:00,"239,5","240,5","237,4","238,5",2171624
30.10.2024 18:10:00,"239,1","239,4","235,3",236,4953118
31.10.2024 18:10:00,"235,9","238,1","231,1","231,6",5401216
01.11.2024 18:10:00,"232,3","234,4","228,4","228,8",4222696
04.11.2024 18:10:00,"227,7",229,"221,1",228,5108229
05.11.2024 18:10:00,"229,2",231,"226,7","229,1",4526136
06.11.2024 18:10:00,"229,6","234,6","225,3","231,7",8664301
07.11.2024 18:10:00,"232,4","234,4","228,4","232,6",5894729
08.11.2024 18:10:00,"232,6","240,6","232,1","240,1",8788865
11.11.2024 18:10:00,"241,6","244,3","238,5",244,8201368
12.11.2024 18:10:00,"244,6","247,2","240,4",242,9927858
13.11.2024 18:10:00,"241,4","244,3",238,238,10959267
14.11.2024 18:10:00,"238,7","241,3","233,9","234,8",12851397
15.11.2024 18:10:00,236,"240,7","235,4","235,5",11844176
18.11.2024 18:10:00,"236,6","241,9","235,8","239,8",9610387
19.11.2024 18:10:00,"240,4",242,"232,6","233,9",7685103
20.11.2024 18:10:00,230,"234,6","219,6","219,7",17666335
21.11.2024 18:10:00,"221,5","223,8",219,"221,5",11447781
22.11.2024 18:10:00,222,"224,6",220,221,10471903
25.11.2024 18:10:00,"223,9","235,4",222,"228,8",25282896
26.11.2024 18:10:00,"228,8","230,5",226,"227,3",10036904
27.11.2024 18:10:00,"232,7","232,9",225,225,9230403
28.11.2024 18:10:00,"223,9","224,5",218,"218,6",10229823
29.11.2024 18:10:00,"219,2","219,5","215,9","217,8",11033128
02.12.2024 18:10:00,"217,6","220,2","216,6","218,9",11067766
03.12.2024 18:10:00,"219,8",222,"217,3","220,4",10882766
04.12.2024 18:10:00,221,"222,6",220,"220,4",8643563
05.12.2024 18:10:00,"221,2","223,7","220,4","221,6",10126523
06.12.2024 18:10:00,"222,8","224,2","221,8","223,2",11345549
09.12.2024 18:10:00,225,226,224,"224,7",9168592
10.12.2024 18:10:00,"224,7","226,1","219,8","220,3",12402797
11.12.2024 18:10:00,"220,6","221,3","218,2",220,8389981
12.12.2024 18:10:00,"223,2","225,3",222,"224,6",14696742
13.12.2024 18:10:00,"223,7",226,"221,7",226,7266454
16.12.2024 18:10:00,"227,6","227,8","223,6","224,7",6151672
17.12.2024 18:10:00,"225,4","226,3",222,"225,5",8359494
18.12.2024 18:10:00,"225,5","226,2","221,4","221,4",7221578
19.12.2024 18:10:00,"219,9","225,5","219,5","222,2",8871006
20.12.2024 18:10:00,224,"226,1","221,3","221,3",11269880
23.12.2024 18:10:00,"222,4","222,4","216,7","217,3",6294380
24.12.2024 18:10:00,"217,3","218,5","215,4","216,9",4577296
25.12.2024 18:10:00,"219,2","219,8","217,9","218,7",3768172
26.12.2024 18:10:00,"219,4","221,6","216,3","218,4",7333574
27.12.2024 18:10:00,"218,8","220,3","218,2","219,3",5181721
30.12.2024 18:10:00,"219,6","220,3","214,2","214,2",5392834
31.12.2024 18:10:00,"213,8","214,6","211,7",213,7435422
02.01.2025 18:10:00,"214,1","215,6","212,8","215,6",5864562
03.01.2025 18:10:00,"216,9",225,"216,2","223,7",13989064
06.01.2025 18:10:00,"224,1",225,222,222,6615557
07.01.2025 18:10:00,"221,6","222,9","218,6","218,6",7081388
08.01.2025 18:10:00,"218,5",223,"217,5","218,8",6376797
09.01.2025 18:10:00,"219,8","222,7","218,3","219,5",6751182
10.01.2025 18:10:00,"220,7","221,4","215,8","216,2",8460061
13.01.2025 18:10:00,"216,1","217,3",208,"210,3",8656964
14.01.2025 18:10:00,"210,5","213,8","210,1","211,5",7431997
15.01.2025 18:10:00,213,"216,8","211,8","212,9",8702787
16.01.2025 18:10:00,"216,1","216,7","213,2",215,6167523
17.01.2025 18:10:00,"215,2","223,5","214,2",223,12171237
20.01.2025 18:10:00,"224,2","225,8","222,5","223,6",7812535
21.01.2025 18:10:00,"222,7","224,2","219,7","220,5",6775351
22.01.2025 18:10:00,"220,3",228,"220,3",228,9620169
23.01.2025 18:10:00,231,"231,8","226,3","231,2",11793357
24.01.2025 18:10:00,231,"231,2","227,5","230,2",6855681
27.01.2025 18:10:00,228,"232,8","226,3","231,2",9832893
28.01.2025 18:10:00,"231,5","233,8","227,5","233,3",14727149
29.01.2025 18:10:00,"234,7","235,7","228,7","233,3",14944466
30.01.2025 18:10:00,"233,3",238,"232,2","232,5",9982494
31.01.2025 18:10:00,"232,6","235,2","232,5","234,5",8054187
03.02.2025 18:10:00,233,"236,7",231,"232,5",10085373
04.02.2025 18:10:00,233,"234,8","222,1","222,2",16080755
05.02.2025 18:10:00,"222,5",226,"219,8","223,1",12497955
06.02.2025 18:10:00,"224,5","232,2","224,5","230,5",12614414
07.02.2025 18:10:00,"229,7","239,3","228,4","238,8",12124286
10.02.2025 18:10:00,"238,8","239,1","234,2","235,9",6582999
11.02.2025 18:10:00,"237,1","238,1",230,"237,8",7930480
12.02.2025 18:10:00,"237,8","239,3","233,3",238,9812498
13.02.2025 18:10:00,"239,9","246,4","239,2","245,5",12256203
14.02.2025 18:10:00,"245,4","246,7","240,8",242,5703900
17.02.2025 18:10:00,242,"244,3","238,6","243,6",7898931
18.02.2025 18:10:00,"243,6","249,1","242,7","247,1",10214766
19.02.2025 18:10:00,"246,4","248,2","242,1","242,4",7041926
20.02.2025 18:10:00,"243,1","247,2","242,2","243,3",5910177
21.02.2025 18:10:00,"243,8","245,4","236,2",240,6278828
24.02.2025 18:10:00,242,"242,6","238,3","238,5",4956387
25.02.2025 18:10:00,"238,5","241,5","231,5","232,1",8616214
26.02.2025 18:10:00,"232,1",234,"230,8","232,5",8032628
27.02.2025 18:10:00,"232,5","242,2","231,5","238,7",8980739
28.02.2025 18:10:00,"237,9","241,3","235,6",239,9649354
03.03.2025 18:10:00,"241,4","249,7","238,1","247,2",13155136
04.03.2025 18:10:00,"246,4","252,75","246,4","251,75",7814336
05.03.2025 18:10:00,"255,75",268,"254,5",268,13373152
06.03.2025 18:10:00,"269,5","275,75",267,"275,75",9073050
07.03.2025 18:10:00,"275,75","279,25","271,5",274,7641954
10.03.2025 18:10:00,"273,75","277,75","272,75","276,75",5527783
11.03.2025 18:10:00,"276,25","278,25","271,25",272,6095913
12.03.2025 18:10:00,"273,75","277,75","272,25","273,25",5526915
13.03.2025 18:10:00,"274,75","281,75","274,25","278,75",8794091
14.03.2025 18:10:00,281,"287,25","277,5","282,75",8406468
17.03.2025 18:10:00,"283,5",285,"281,25","281,25",4615792
18.03.2025 18:10:00,"279,5",284,278,"281,5",5741499
19.03.2025 18:10:00,"262,25",277,"256,75","262,75",12899184
20.03.2025 18:10:00,264,"274,75","261,5",266,9780488
21.03.2025 18:10:00,264,"264,25","239,4","239,4",14832447
24.03.2025 18:10:00,"243,6","258,25",240,"257,25",13439898
25.03.2025 18:10:00,265,"268,25","255,25","258,5",11444747
26.03.2025 18:10:00,257,"259,25",250,"253,5",8577313
27.03.2025 18:10:00,258,261,"252,5","254,25",8212728
28.03.2025 18:10:00,256,"257,75","248,5","257,75",6451207
02.04.2025 18:10:00,"256,25","256,25","246,3","246,3",10790119
03.04.2025 18:10:00,"246,3","251,75","246,2","246,8",9502174
04.04.2025 18:10:00,"249,6",256,"249,6","254,75",8926158
07.04.2025 18:10:00,"246,2","263,5","242,8",260,11396108
08.04.2025 18:10:00,"264,75","267,75","259,75","264,75",8163167
09.04.2025 18:10:00,"262,25",271,261,"266,5",10248641
10.04.2025 18:10:00,276,"278,5","260,5","260,5",11470492
11.04.2025 18:10:00,261,"268,25",259,"266,75",6967735
14.04.2025 18:10:00,269,270,"264,5","264,75",5008671
15.04.2025 18:10:00,"266,75","268,75","260,5","262,75",9754743
16.04.2025 18:10:00,261,"263,25",250,251,13630771
17.04.2025 18:10:00,251,255,"247,5","249,3",11931559
18.04.2025 18:10:00,"250,75","253,75","247,3",248,8572544
21.04.2025 18:10:00,"249,4","252,5","246,2","249,7",10560726
22.04.2025 18:10:00,"250,75",253,"244,7","244,7",9991725
24.04.2025 18:10:00,245,"246,4","241,5","244,7",10033754
25.04.2025 18:10:00,"245,7","249,4","241,6",243,8802598
28.04.2025 18:10:00,"243,6","244,9","237,7","237,8",7239498
29.04.2025 18:10:00,"234,5","235,9","227,9","227,9",8072480
30.04.2025 18:10:00,"228,6","230,1","222,5","222,9",9094416
02.05.2025 18:10:00,"224,1","235,7","224,1","232,9",9217232
05.05.2025 18:10:00,235,236,"228,9","234,7",6342440
06.05.2025 18:10:00,"234,4","238,6","231,1","232,9",5070793
07.05.2025 18:10:00,231,"232,8","222,2","226,8",7234026
08.05.2025 18:10:00,228,"232,8","225,6","232,4",4774340
09.05.2025 18:10:00,"234,7",246,"234,6","244,9",10943208
12.05.2025 18:10:00,"253,75",255,"248,6","254,25",10253728
13.05.2025 18:10:00,"253,75",254,250,250,6055003
14.05.2025 18:10:00,"250,25","253,5","246,9","251,25",6718509
15.05.2025 18:10:00,"251,25","252,5","244,1","245,7",4693365
16.05.2025 18:10:00,"248,5","255,5","246,6","250,5",7463295
20.05.2025 18:10:00,"250,5","252,75","245,1","250,5",7156868
21.05.2025 18:10:00,"249,9","250,75","241,5","241,7",6271695
22.05.2025 18:10:00,"243,4","246,5","239,9","244,1",7794345
23.05.2025 18:10:00,"243,5","246,7","241,3","242,8",5723226
26.05.2025 18:10:00,245,"245,9","239,7","240,5",4916095
27.05.2025 18:10:00,"240,7","241,8","235,7","235,7",4810823
28.05.2025 18:10:00,"235,5","241,3","234,5","240,2",5643655
29.05.2025 18:10:00,"242,4","245,1","240,2","240,9",5199314
30.05.2025 18:10:00,"240,6","244,3",240,"241,2",7813091
02.06.2025 18:10:00,"241,2","248,3",240,247,6618305
03.06.2025 18:10:00,"249,1",253,"247,1","252,25",9251797
04.06.2025 18:10:00,"251,5",258,"249,3",258,6486788
05.06.2025 12:40:00,256,258,"253,5","257,25",2373433
10.06.2025 18:10:00,"259,5","266,5","258,75","262,75",7154419
11.06.2025 18:10:00,"262,75","266,5","260,5","264,25",7204953
12.06.2025 18:10:00,258,"260,75","253,75","256,5",7261029
13.06.2025 18:10:00,237,"244,5",236,"242,5",11693892
16.06.2025 18:10:00,"242,5","245,9","236,7",243,13310882
17.06.2025 18:10:00,"242,8","242,9",236,"236,8",6711042
18.06.2025 18:10:00,235,"236,4","224,4","225,5",14234085
19.06.2025 18:10:00,"227,4","227,5","218,1","218,1",12213983
20.06.2025 18:10:00,"223,8","226,7","218,5","222,4",12075478
23.06.2025 18:10:00,218,"219,1","213,6","214,5",13600115
24.06.2025 18:10:00,232,"235,9","228,3","235,9",22446911
25.06.2025 18:10:00,"237,6","242,9","234,7","239,9",14374723
26.06.2025 18:10:00,"240,3","241,6","234,1","234,3",8305024
27.06.2025 18:10:00,"233,7",240,"233,5",240,7877082
30.06.2025 18:10:00,"241,5","258,5","240,1",257,15778858
01.07.2025 18:10:00,257,"260,75","254,25","257,75",12304736
02.07.2025 18:10:00,259,"261,5","252,5","256,25",14032242
03.07.2025 18:10:00,"258,75","260,75",255,"255,75",6508655
04.07.2025 18:10:00,"256,25",261,"255,75","259,5",7659874
07.07.2025 18:10:00,255,"259,25","254,75","257,5",5543422
08.07.2025 18:10:00,"259,75",260,"251,5","252,75",5923783
09.07.2025 18:10:00,"253,25","257,5","251,5","256,25",6407390
10.07.2025 18:10:00,"258,5",266,"258,25","262,75",13255656
11.07.2025 18:10:00,269,"269,25",261,"262,25",11148509
14.07.2025 18:10:00,"262,25","267,5","260,5",264,8306342
16.07.2025 18:10:00,"264,5",267,"251,5",255,13590831
17.07.2025 18:10:00,260,"263,25",255,"260,75",14434243
18.07.2025 18:10:00,262,"263,25","258,5","260,25",9074492
21.07.2025 18:10:00,263,"266,75","262,25","265,5",13793854
22.07.2025 18:10:00,"266,5",268,"262,25","264,75",13503880
23.07.2025 18:10:00,"265,75","266,75","262,5",263,9129918
24.07.2025 18:10:00,"263,75","265,75","259,75","263,75",14193765
25.07.2025 18:10:00,264,"264,25","254,75","254,75",13532555
28.07.2025 18:10:00,"255,25","258,75","252,5","253,25",10024702
29.07.2025 18:10:00,"253,75","255,25","250,75","250,75",6936057
30.07.2025 18:10:00,251,"254,25","245,8","245,8",13305497
31.07.2025 18:10:00,"247,3",252,"246,6",252,11794872
01.08.2025 18:10:00,253,253,"248,3","249,9",8794613
04.08.2025 18:10:00,"251,5","256,25",251,"253,5",10583660
05.08.2025 18:10:00,"254,75","255,25",252,"252,75",8039682
06.08.2025 18:10:00,"254,25",260,"254,25","258,25",22869997
07.08.2025 18:10:00,260,"262,5","257,25","261,75",16710747
08.08.2025 18:10:00,"257,25","264,5","255,75","263,75",23601614
11.08.2025 18:10:00,266,"274,5","263,25",274,21646274
12.08.2025 18:10:00,274,274,"263,75",268,23276089
13.08.2025 18:10:00,260,"262,25",257,257,26143758
14.08.2025 18:10:00,258,"260,75","252,75","252,75",16814742
15.08.2025 18:10:00,253,259,"252,75","257,75",18943474
18.08.2025 18:10:00,"258,5","259,25","254,75","256,5",14844224
19.08.2025 18:10:00,"257,5",260,"256,25","256,75",15900087
20.08.2025 18:10:00,"257,5","261,25","256,5","258,75",17034018
21.08.2025 18:10:00,"260,5","262,5",259,"261,75",13984538
22.08.2025 18:10:00,"262,75","262,75","259,5","260,5",9908470
25.08.2025 18:10:00,"261,75","264,75",261,"261,25",17832634
26.08.2025 18:10:00,261,"263,5",258,258,36110232
27.08.2025 18:10:00,"259,75","260,5",255,255,19374501
28.08.2025 18:10:00,"255,75","258,5","252,5","252,75",11953689
29.08.2025 18:10:00,"253,25","253,75",248,249,16232522
01.09.2025 18:10:00,"249,2","250,25","245,7",246,17764134
02.09.2025 18:10:00,"246,7","247,6",225,"235,6",32470967
03.09.2025 18:10:00,"236,2","236,2","228,6",231,17593735
04.09.2025 18:10:00,"231,6","233,2","229,7","231,1",13153609
05.09.2025 18:10:00,232,"233,3","225,8","225,9",18469453
08.09.2025 18:10:00,"221,4",227,"219,5","220,2",15821324
09.09.2025 18:10:00,"221,6",225,"217,1","220,8",28898098
10.09.2025 18:10:00,223,"223,1","218,1","222,8",25141322
11.09.2025 18:10:00,"225,9","227,2","219,5","220,9",22032855
12.09.2025 18:10:00,"220,9","223,1","218,8","222,6",12074295
15.09.2025 18:10:00,"222,2","234,2",218,"233,8",33720702
16.09.2025 18:10:00,"234,4","234,5","229,5","232,5",22676863
17.09.2025 18:10:00,"232,7","233,4","230,1","230,2",16183124
18.09.2025 18:10:00,"232,5","236,2","229,5","229,8",24889016
19.09.2025 18:10:00,"230,5","234,1","227,9","232,6",17665299
22.09.2025 18:10:00,"238,3","238,6","233,7","233,8",16182609
23.09.2025 18:10:00,"230,5","232,2","227,1","227,4",16767701
24.09.2025 18:10:00,"227,6","228,2","221,7","224,7",20650469
25.09.2025 18:10:00,226,"228,6","223,1","223,9",13213749
26.09.2025 18:10:00,"223,9","224,6","218,3",219,20189320
29.09.2025 18:10:00,"218,2",220,"214,3","215,2",19113933
30.09.2025 18:10:00,"216,8","218,8","215,2","216,5",20133418
01.10.2025 18:10:00,"216,6","221,7",216,"220,3",19061770
02.10.2025 18:10:00,"221,5","226,3","221,2",224,20012930
03.10.2025 18:10:00,"225,6","226,5","221,9","222,3",20262522
06.10.2025 18:10:00,224,"227,7","220,2","220,8",20771386
07.10.2025 18:10:00,"221,2","226,2","220,8","224,1",18983048
08.10.2025 18:10:00,"223,9","225,2","215,6","216,5",27539897
09.10.2025 18:10:00,220,"220,3","215,2","216,4",17757958
10.10.2025 18:10:00,"216,8","218,5","215,2","215,6",13624453
13.10.2025 18:10:00,"212,5","214,6","210,8","211,2",19636325
14.10.2025 18:10:00,"212,7","215,2","208,1","208,7",24197277
15.10.2025 18:10:00,"209,5","210,4","206,1","209,1",24226563
16.10.2025 18:10:00,"209,1","212,5","207,1","207,8",19364471
17.10.2025 18:10:00,"206,9","207,9","200,9","205,8",20701509
20.10.2025 18:10:00,"206,8","212,6","203,5",212,23568309
21.10.2025 18:10:00,"212,3","212,5","208,2","210,3",17454393
22.10.2025 18:10:00,211,"212,5","206,2","206,2",21142020
23.10.2025 18:10:00,"206,7","206,9","202,5","203,2",22035902
24.10.2025 18:10:00,"204,3","214,6","204,3","208,4",35975893
27.10.2025 18:10:00,208,"208,7","204,8","205,8",16074380
28.10.2025 12:40:00,"205,3","206,3","205,1","205,2",5558619
30.10.2025 18:10:00,"205,9","208,1","205,9","206,4",12607372
31.10.2025 18:10:00,"206,5","210,3","206,4",210,21249813
03.11.2025 18:10:00,"210,6","213,5","210,3","213,5",25888697
04.11.2025 18:10:00,213,"215,3",212,"213,8",20511952
05.11.2025 18:10:00,214,215,"211,2","212,7",16877867
06.11.2025 18:10:00,214,"215,1",211,"213,6",19075869
07.11.2025 18:10:00,215,"215,9",210,"211,5",16447372
10.11.2025 18:10:00,"213,1","213,5","205,4","205,5",22673532
11.11.2025 18:10:00,"205,7","208,9","196,9","201,8",25622743
12.11.2025 18:10:00,"203,3","203,9",201,"201,4",10867144
13.11.2025 18:10:00,"202,5","206,7","202,5","204,6",16489513
14.11.2025 18:10:00,"203,8",206,"201,8",204,14214505
17.11.2025 18:10:00,207,"208,3",203,204,18695692
18.11.2025 18:10:00,"203,5","205,7","202,3","202,7",13101614
19.11.2025 18:10:00,"203,5","207,1","202,9","205,9",24533195
20.11.2025 18:10:00,207,"209,1","205,4","206,9",14554676
21.11.2025 18:10:00,206,"206,4","204,4","205,6",10465408
24.11.2025 18:10:00,"205,2","208,4","202,8",205,22126235
25.11.2025 18:10:00,"205,1","209,4","203,5","204,5",26059519
26.11.2025 18:10:00,205,"205,9","203,8","203,9",12810633
27.11.2025 18:10:00,"205,1","206,3","202,8",203,16237467
28.11.2025 18:10:00,"202,9","204,3","200,6",201,18693914
01.12.2025 18:10:00,"200,4","204,5","200,1","204,4",15747088
02.12.2025 18:10:00,205,"206,6","204,2","205,6",15844919
03.12.2025 18:10:00,"206,5","207,7","201,7","201,7",26926688
04.12.2025 18:10:00,"202,4","204,3",197,"197,3",20870031
05.12.2025 18:10:00,"197,6","198,9",195,"195,8",16803389
08.12.2025 18:10:00,200,"204,3","199,2","203,3",30029771
09.12.2025 18:10:00,"203,5","203,9",202,"202,7",12600989
10.12.2025 18:10:00,"202,7","205,7","202,5","202,8",20951393
11.12.2025 18:10:00,"203,2",205,"201,9","202,7",14975340
12.12.2025 18:10:00,"203,3","206,2","203,3","205,1",14853912
15.12.2025 18:10:00,"205,6","207,7","203,7",207,16480703
16.12.2025 18:10:00,208,"209,2","206,5","207,6",17885257
17.12.2025 18:10:00,"207,2","210,5","205,5","209,1",18442682
18.12.2025 18:10:00,"209,7","214,4","209,2","211,3",21959142
19.12.2025 18:10:00,"211,5","214,2","210,7","214,2",13980944
22.12.2025 18:10:00,"215,5","215,7","209,2","209,4",14826807
23.12.2025 18:10:00,209,"209,3","206,1",207,11074599
24.12.2025 18:10:00,"207,1","207,7","205,1","206,2",10897833
25.12.2025 18:10:00,"207,3","208,3","206,3","206,5",5556206
26.12.2025 18:10:00,"206,6","206,6","203,5","204,5",7540648
29.12.2025 18:10:00,"203,4","203,4","195,3","195,4",19540273
30.12.2025 18:10:00,"195,7","196,3","191,6","192,2",17912229
31.12.2025 18:10:00,193,"195,5","191,7","191,7",13745143
02.01.2026 18:10:00,"192,6",196,"192,5",195,13826375
05.01.2026 18:10:00,"195,5","198,8","194,1","198,6",18017761
06.01.2026 18:10:00,199,"207,2",199,"206,8",23999979
07.01.2026 18:10:00,"207,7","209,3",204,"205,1",24231189
08.01.2026 18:10:00,"205,2","207,2","201,2","206,4",17519493
09.01.2026 18:10:00,"209,7","210,2","203,4","204,7",21269977
12.01.2026 18:10:00,"204,7","206,2","203,1","204,4",19823648
13.01.2026 18:10:00,"204,5","204,8","200,1","201,3",20361904
14.01.2026 18:10:00,"201,9","202,3","195,9","197,1",16921211
15.01.2026 18:10:00,"197,2","200,4","195,7","199,1",22073894
16.01.2026 18:10:00,"201,5","204,1","200,4","201,5",25537485
19.01.2026 18:10:00,"203,5","205,7","202,1","203,2",25862347
20.01.2026 18:10:00,"203,1","203,2","198,6","199,5",20340766
21.01.2026 18:10:00,"199,8","200,8","197,8","200,2",20389836
22.01.2026 18:10:00,"201,7","203,5",199,"202,8",24096745
23.01.2026 18:10:00,"203,5","205,6","202,6","203,2",23195434
26.01.2026 18:10:00,"202,2",204,200,"201,1",22601633
27.01.2026 18:10:00,"201,4","202,2","197,2","197,2",24096313
28.01.2026 18:10:00,"197,5","201,6","197,5","198,9",33373278
29.01.2026 18:10:00,"200,5",205,"199,7","201,7",42987312
30.01.2026 18:10:00,202,"204,3","199,4","203,5",37468402
02.02.2026 18:10:00,202,"205,8","198,8","202,7",41128727
03.02.2026 18:10:00,204,"209,7","203,9","209,4",40984654
04.02.2026 18:10:00,211,"211,4","205,9","207,5",39403586
05.02.2026 18:10:00,"207,3","208,2","204,9","205,2",28770714
06.02.2026 18:10:00,205,"207,7","200,9",207,32983462
09.02.2026 18:10:00,209,"210,4","207,7","209,2",31649936
10.02.2026 18:10:00,"209,5","211,5","207,2","207,8",28685406
11.02.2026 18:10:00,"206,3","209,3","205,2",207,29992256
12.02.2026 18:10:00,"208,2","221,1","208,2","217,5",59896686
13.02.2026 18:10:00,"217,5","221,5","216,7","218,1",49699900
16.02.2026 18:10:00,"220,3","226,1","219,9",224,47308951
17.02.2026 18:10:00,"223,7","224,9","219,6",223,44930319
18.02.2026 18:10:00,"223,3","224,1","210,9",211,56037000
19.02.2026 18:10:00,"212,3","212,8","201,9",202,40688280
20.02.2026 18:10:00,"202,9","204,9","200,6","204,2",32137310
23.02.2026 18:10:00,208,"208,4","202,3","203,3",22981091
24.02.2026 18:10:00,203,"203,2","199,5","199,7",21929017
25.02.2026 18:10:00,"200,7","201,7","198,3","198,3",20084626
26.02.2026 18:10:00,"198,7","205,3","197,2","202,2",25662235
27.02.2026 18:10:00,"203,9","204,2","196,5","196,5",28260028
02.03.2026 18:10:00,"178,2","186,6","178,2","185,1",20724671
03.03.2026 18:10:00,"183,3","188,9","181,3","181,4",22148228
04.03.2026 18:10:00,181,"183,7","178,9","181,8",19770456
05.03.2026 18:10:00,"183,4","184,7","180,7","180,7",12212759
06.03.2026 18:10:00,"180,7","182,3","175,6","177,2",16142232
09.03.2026 18:10:00,173,"174,6","167,3","173,6",27347010
10.03.2026 18:10:00,182,"182,6",178,"179,4",25306922
11.03.2026 18:10:00,"179,5","180,3","176,5",180,13373576
12.03.2026 18:10:00,"178,5","181,4","177,5",179,15562808
13.03.2026 18:10:00,"178,7","178,7","174,7","177,3",11289915
16.03.2026 18:10:00,"177,3","177,9","174,6","176,9",7860643
17.03.2026 18:10:00,"177,5","180,2","176,8","179,9",9212884
18.03.2026 18:10:00,"181,2","181,6","176,9","178,5",7090342
19.03.2026 12:40:00,"176,7","177,8","176,5","177,5",3243073
23.03.2026 18:10:00,"173,8","181,5","169,1","181,5",25873107
24.03.2026 18:10:00,180,"181,7","178,1",179,10504753
25.03.2026 18:10:00,"181,8","183,2","178,5",180,18272536
26.03.2026 18:10:00,"179,4","180,4","177,4","177,6",9288261
27.03.2026 18:10:00,178,"178,4","174,7",177,7664200
30.03.2026 18:10:00,"175,9",176,174,"174,6",7566692
31.03.2026 18:10:00,"174,5","176,8","174,2","175,5",14540516
01.04.2026 18:10:00,182,"182,5","178,1","179,4",14789687
02.04.2026 18:10:00,"176,8","179,4","175,2","178,9",11688355
03.04.2026 18:10:00,"178,5","179,1","176,3","176,6",7770031
06.04.2026 18:10:00,177,"180,1","176,6","178,4",13171659
07.04.2026 18:10:00,178,"179,1","174,2",175,9918002
08.04.2026 18:10:00,"185,2","190,6","184,1",186,32599541
09.04.2026 18:10:00,185,"186,6","183,5","185,3",16750455
10.04.2026 18:10:00,187,"188,6","186,5","188,4",16415393
13.04.2026 18:10:00,"184,8","184,8","182,6","183,7",13856574
14.04.2026 18:10:00,"185,9","188,8","185,5","187,1",20505621
15.04.2026 18:10:00,"188,8","190,5","187,9","188,3",18342364
16.04.2026 18:10:00,"190,1","191,4","184,9",186,15848055
17.04.2026 18:10:00,"186,5",198,"185,5","196,9",32820718